,forks_count,open_issues_count,size,has_issues,has_projects,has_wiki,stargazers_count,descWordCount,nameCharCount,JavaScript,No-language,Python,TypeScript,Go,Java,other_language,mit_license,nan_license,apache_license,other_license,remain_license
0,28728,179,320775,1,0,0,346800,10,12,0,0,0,1,0,0,0,0,0,0,0,1
1,21507,16725,188163,0,0,0,262477,14,7,0,1,0,0,0,0,0,0,0,0,1,0
2,49013,39,13466,1,0,0,234410,5,22,0,1,0,0,0,0,0,0,0,0,1,0
3,59912,49,16946,1,0,0,221183,11,27,0,1,0,0,0,0,0,0,0,0,0,1
4,23556,45,1423,1,0,0,203557,9,7,0,1,0,0,0,0,0,0,0,0,0,1
5,32250,558,31569,1,1,1,196558,14,3,0,0,0,1,0,0,0,1,0,0,0,0
6,28185,139,115101,1,1,1,196134,7,17,0,0,0,1,0,0,0,0,0,0,1,0
7,22486,6,5027,1,0,0,195073,6,11,0,0,1,0,0,0,0,1,0,0,0,0
8,38982,954,179453,1,1,1,189044,11,5,1,0,0,0,0,0,0,1,0,0,0,0
9,33224,311,11165,1,1,1,182710,16,20,0,0,1,0,0,0,0,0,0,0,1,0
10,86837,2374,907311,1,1,0,165427,8,10,0,0,0,0,0,0,1,0,0,1,0,0
11,76759,348,206597,1,1,0,157756,17,9,1,0,0,0,0,0,0,1,0,0,0,0
12,30441,133,10737,1,1,0,154277,8,16,0,1,0,0,0,0,0,0,0,0,1,0
13,47960,161,116174,1,1,1,151685,2,8,0,1,0,0,0,0,0,0,0,0,0,1
14,24105,645,9862,1,1,1,145923,55,7,0,0,0,0,0,0,1,1,0,0,0,0
15,13714,235,845,1,0,0,143296,9,16,0,1,0,0,0,0,0,0,0,0,0,1
16,23623,253,4493,1,0,0,143004,15,21,1,0,0,0,0,0,0,1,0,0,0,0
17,22294,10778,202652,1,1,1,141496,14,7,0,0,0,0,0,0,1,0,0,0,0,1
18,35661,242,12537,1,1,1,136696,5,6,0,0,1,0,0,0,0,1,0,0,0,0
19,75168,272,2359,0,0,0,133789,6,9,0,1,0,0,0,0,0,0,0,0,0,1
20,43174,317,3817660,0,1,0,132637,4,5,0,0,0,0,0,0,1,0,0,0,1,0
21,22521,6705,499696,1,1,1,132445,3,6,0,0,0,1,0,0,0,1,0,0,0,0
22,21266,262,6616,1,0,0,129173,11,14,0,0,1,0,0,0,0,0,0,0,1,0
23,23723,133,3521,1,0,1,123711,3,10,1,0,0,0,0,0,0,1,0,0,0,0
24,41346,68,153272,1,1,1,121971,6,9,0,0,0,0,0,1,0,0,0,0,0,1
25,45729,643,309850,1,1,1,119476,3,15,0,0,1,0,0,0,0,0,0,0,0,1
26,15656,14,1119,1,1,1,114656,10,16,0,1,0,0,0,0,0,1,0,0,0,0
27,7815,4770,64078,1,1,0,110510,11,10,0,0,1,0,0,0,0,0,0,0,0,1
28,21053,190,110599,1,1,1,106811,14,17,0,0,0,0,0,0,1,0,0,0,0,1
29,11397,213,2590,1,1,0,106649,7,23,0,1,0,0,0,0,0,0,0,0,0,1
30,22155,2244,850133,1,1,1,103112,8,12,1,0,0,0,0,0,0,1,0,0,0,0
31,13559,1596,118485,1,1,0,101949,10,8,0,0,0,0,0,0,1,1,0,0,0,0
32,23108,3,42319,1,0,1,101441,10,2,1,0,0,0,0,0,0,0,0,0,0,1
33,14907,7791,307726,1,1,1,99858,4,2,0,0,0,0,1,0,0,0,0,0,0,1
34,10167,0,28743,1,1,1,96136,9,18,1,0,0,0,0,0,0,0,0,0,0,1
35,24664,1687,23099,1,1,0,95311,10,16,1,0,0,0,0,0,0,1,0,0,0,0
36,9548,257,4700,1,1,0,93779,9,5,1,0,0,0,0,0,0,1,0,0,0,0
37,26178,31,1028,0,0,0,93114,2,28,0,1,0,0,0,0,0,0,0,0,0,1
38,5871,152,14284,1,0,1,90081,18,18,1,0,0,0,0,0,0,0,0,0,1,0
39,32626,2345,1083533,1,1,0,89021,5,10,0,0,0,0,1,0,0,0,0,1,0,0
40,23588,1607,833793,1,1,0,88027,4,4,1,0,0,0,0,0,0,0,0,0,1,0
41,18634,1211,1753373,1,0,0,87609,3,7,1,0,0,0,0,0,0,1,0,0,0,0
42,7385,1494,110567,1,1,1,83454,15,8,0,0,0,0,0,0,1,1,0,0,0,0
43,4442,972,63639,1,0,1,82754,7,4,0,0,0,0,0,0,1,1,0,0,0,0
44,31943,488,1159447,1,0,1,82454,3,8,1,0,0,0,0,0,0,1,0,0,0,0
45,21566,1355,395129,1,1,0,81764,5,7,0,0,0,1,0,0,0,1,0,0,0,0
46,9894,10,9819,1,0,0,81597,10,10,0,0,0,0,1,0,0,1,0,0,0,0
47,10594,5477,1796636,1,1,1,81153,12,10,0,0,0,1,0,0,0,0,0,1,0,0
48,34267,859,914421,1,1,1,80551,9,10,0,0,0,1,0,0,0,1,0,0,0,0
49,27163,1154,293375,1,1,0,78833,22,11,1,0,0,0,0,0,0,1,0,0,0,0
50,8378,1858,18235,1,0,0,78274,4,9,0,0,0,1,0,0,0,0,0,1,0,0
51,8070,25,60930,1,1,0,78111,9,17,1,0,0,0,0,0,0,0,0,0,0,1
52,27842,1195,15436,1,1,1,76448,69,17,0,0,0,0,0,0,1,1,0,0,0,0
53,23386,289,28281,1,0,1,75248,5,20,0,0,0,0,0,1,0,0,0,0,1,0
54,16162,36,1819,1,1,0,74709,15,11,0,0,0,0,0,0,1,0,0,0,1,0
55,45863,1341,594127,1,1,1,73758,6,6,0,0,1,0,0,0,0,0,0,0,1,0
56,4163,2670,289546,1,1,1,73698,6,9,0,0,0,0,0,0,1,1,0,0,0,0
57,3208,264,4005,1,1,1,71425,8,7,0,0,1,0,0,0,0,1,0,0,0,0
58,7389,1919,498322,1,1,0,71363,18,9,0,0,0,1,0,0,0,1,0,0,0,0
59,9786,10,16849,1,0,1,71360,8,23,1,0,0,0,0,0,0,1,0,0,0,0
60,13523,13,509807,1,1,1,70398,11,17,0,0,0,0,0,1,0,0,0,0,0,1
61,22635,31,10431,0,0,0,69849,30,7,0,0,0,0,0,0,1,0,0,0,0,1
62,12050,5277,92619,1,1,1,69437,7,12,1,0,0,0,0,0,0,0,0,0,1,0
63,6041,15,3479,0,0,0,69368,14,28,0,1,0,0,0,0,0,1,0,0,0,0
64,9111,59,574,1,1,1,68356,7,21,1,0,0,0,0,0,0,1,0,0,0,0
65,10253,18,460,1,1,1,68453,5,22,0,1,0,0,0,0,0,1,0,0,0,0
66,9288,8645,836072,1,1,0,67223,8,4,0,0,0,0,0,0,1,0,0,0,1,0
67,6110,53,4611,1,1,1,66032,21,9,0,0,0,0,0,0,1,1,0,0,0,0
68,7085,1037,3637,1,1,1,65918,6,6,0,0,0,0,0,0,1,0,0,1,0,0
69,9011,36,13116,1,1,0,65240,10,11,0,1,0,0,0,0,0,1,0,0,0,0
70,32489,947,209368,1,1,0,64482,4,7,0,0,0,0,0,0,1,1,0,0,0,0
71,27207,153,225370,0,0,0,64438,7,6,0,0,1,0,0,0,0,0,0,0,0,1
72,15090,494,92349,1,1,1,64231,10,12,0,0,1,0,0,0,0,0,0,1,0,0
73,2819,317,88453,1,1,1,64230,6,8,0,0,0,0,0,0,1,0,0,0,0,1
74,17169,3,29134,1,0,0,63657,14,13,0,0,0,0,0,1,0,0,0,0,0,1
75,18134,4273,183910,1,1,1,63218,14,4,0,0,0,0,1,0,0,0,0,1,0,0
76,51645,2156,507118,1,0,1,61941,5,6,0,0,0,0,0,0,1,0,0,1,0,0
77,36504,560,151515,1,1,1,61509,2,11,0,0,0,0,0,1,0,0,0,1,0,0
78,6049,626,2579,1,1,0,61499,15,11,1,0,0,0,0,0,0,1,0,0,0,0
79,8386,310,58347,1,1,1,61160,44,7,1,0,0,0,0,0,0,1,0,0,0,0
80,4817,13,229149,1,0,1,60756,10,14,0,0,0,0,0,0,1,0,0,0,0,1
81,5811,1,2870,1,0,0,60048,11,19,0,1,0,0,0,0,0,0,0,0,0,1
82,16179,710,19120,1,1,1,59897,4,9,1,0,0,0,0,0,0,1,0,0,0,0
83,21810,3919,989282,1,1,0,59830,7,13,0,0,0,0,0,1,0,0,0,0,1,0
84,6637,523,2870,1,0,0,59793,34,3,0,0,0,0,1,0,0,1,0,0,0,0
85,9605,6008,814151,1,0,0,59730,4,5,0,0,0,0,0,0,1,0,0,1,0,0
86,5302,303,99594,1,1,0,59462,6,7,0,0,0,0,0,0,1,0,0,0,0,1
87,28336,468,101744,1,1,1,59435,7,10,1,0,0,0,0,0,0,1,0,0,0,0
88,6621,616,109707,1,1,0,59327,7,4,0,0,0,0,1,0,0,0,0,1,0,0
89,15107,16,9166,1,0,0,59160,8,5,0,0,1,0,0,0,0,0,0,0,0,1
90,24839,28,57637,1,1,1,58670,3,4,0,0,0,0,0,1,0,0,0,1,0,0
91,2881,728,68564,1,1,1,58657,4,6,0,0,0,1,0,0,0,1,0,0,0,0
92,6193,355,3274,1,0,0,58262,13,3,0,0,0,0,0,0,1,1,0,0,0,0
93,15195,54,25651,1,0,0,58132,6,5,0,0,0,1,0,0,0,1,0,0,0,0
94,17195,903,329765,1,1,0,57626,5,4,1,0,0,0,0,0,0,1,0,0,0,0
95,1357,60,411,1,1,1,57504,6,17,1,0,0,0,0,0,0,0,0,0,0,1
96,2861,18,63554,1,0,0,57473,8,11,1,0,0,0,0,0,0,1,0,0,0,0
97,12149,105,24091,1,1,1,57367,9,10,0,0,0,0,0,1,0,1,0,0,0,0
98,9717,145,9099,1,0,1,57203,7,7,1,0,0,0,0,0,0,1,0,0,0,0
99,11482,145,36572,1,1,0,57147,7,8,1,0,0,0,0,0,0,1,0,0,0,0
0,10256,110,25515,1,1,0,56886,19,3,0,0,0,0,1,0,0,0,0,1,0,0
1,15636,9986,852546,1,1,1,56435,11,7,0,0,0,0,0,0,1,0,0,0,1,0
2,20401,92,31133,1,0,1,56281,3,6,1,0,0,0,0,0,0,1,0,0,0,0
3,17317,61,2464,1,1,1,56184,1,17,0,1,0,0,0,0,0,0,0,0,0,1
4,7892,20,4171,1,1,0,56066,11,11,0,0,1,0,0,0,0,0,0,0,0,1
5,10034,85,15642,1,1,0,55886,5,9,0,0,0,1,0,0,0,1,0,0,0,0
6,6151,17,5042,0,0,0,55845,18,12,0,0,0,0,0,0,1,0,0,0,0,1
7,10801,313,16027,1,1,1,55537,18,13,1,0,0,0,0,0,0,1,0,0,0,0
8,19101,349,28287,1,1,1,55350,4,5,0,0,1,0,0,0,0,0,0,1,0,0
9,21327,2086,118292,1,1,0,55213,31,5,0,0,0,0,0,0,1,0,0,0,0,1
10,14145,880,95053,1,1,1,54807,7,8,0,0,0,0,0,0,1,0,0,0,1,0
11,13363,0,2298,1,0,0,54494,11,24,0,0,1,0,0,0,0,0,0,0,0,1
12,16332,91,13485,1,1,1,54471,5,19,0,0,0,0,0,0,1,0,0,0,1,0
13,3878,1498,170179,1,1,1,54130,6,6,0,0,0,0,0,0,1,0,0,0,1,0
14,4508,167,50608,1,1,0,53836,5,11,0,0,0,1,0,0,0,1,0,0,0,0
15,5308,40,183,1,1,1,53639,12,28,0,1,0,0,0,0,0,0,0,0,0,1
16,6487,386,47581,1,0,1,53378,10,6,1,0,0,0,0,0,0,0,0,0,1,0
17,21964,1165,215717,1,1,0,53342,48,7,0,0,1,0,0,0,0,0,0,0,0,1
18,7254,281,640,1,1,1,53382,14,9,0,1,0,0,0,0,0,1,0,0,0,0
19,10415,7,3605,1,0,0,53277,19,39,0,0,0,0,0,0,1,1,0,0,0,0
20,10305,339,1048531,1,1,0,52986,9,6,1,0,0,0,0,0,0,1,0,0,0,0
21,18412,1658,354110,1,1,0,52945,12,4,0,0,1,0,0,0,0,0,0,1,0,0
22,6777,133,2942,1,1,1,52963,14,9,0,0,0,0,0,0,1,0,0,0,1,0
23,12013,15,21272,1,0,1,52868,14,17,1,0,0,0,0,0,0,1,0,0,0,0
24,4549,4173,5,1,1,1,52749,13,6,0,0,0,0,0,0,1,0,0,1,0,0
25,13966,2067,85795,1,1,1,52169,7,7,0,0,0,0,0,0,1,1,0,0,0,0
26,7621,1,64601,0,0,1,52061,10,21,1,0,0,0,0,0,0,1,0,0,0,0
27,9014,428,555684,1,0,0,51516,11,4,1,0,0,0,0,0,0,0,0,0,0,1
28,19024,2168,217766,1,1,1,51248,13,7,0,0,0,1,0,0,0,0,0,1,0,0
29,7894,25,170,0,0,0,51258,12,15,0,1,0,0,0,0,0,0,0,0,0,1
30,20398,598,245147,1,1,0,50827,3,5,0,0,0,0,0,0,1,1,0,0,0,0
31,23068,2226,141205,1,1,1,50308,5,12,0,0,1,0,0,0,0,0,0,0,0,1
32,5131,1057,112276,1,1,1,50061,13,11,1,0,0,0,0,0,0,1,0,0,0,0
33,5361,128,7948,1,1,1,49504,18,11,1,0,0,0,0,0,0,0,0,0,0,1
34,8782,7528,970947,1,1,0,49374,9,5,0,0,0,0,0,0,1,1,0,0,0,0
35,6755,13,716,1,1,1,49316,8,14,1,0,0,0,0,0,0,1,0,0,0,0
36,9657,2411,576475,1,1,0,49247,27,7,0,0,0,1,0,0,0,0,0,0,0,1
37,8708,115,924,1,0,0,49084,7,23,0,1,0,0,0,0,0,1,0,0,0,0
38,5944,136,2744,1,0,0,48469,8,13,0,1,0,0,0,0,0,0,0,0,0,1
39,9018,3,145181,1,1,1,48189,11,8,1,0,0,0,0,0,0,0,0,0,1,0
40,15094,101,207074,1,1,1,48139,35,26,1,0,0,0,0,0,0,0,0,0,0,1
41,33856,1355,175348,1,1,1,47930,2,16,0,0,0,0,0,1,0,0,0,1,0,0
42,10730,67,379,1,0,0,47739,6,13,0,0,0,0,0,0,1,1,0,0,0,0
43,8764,223,12723,1,0,1,47576,6,8,0,0,1,0,0,0,0,0,0,1,0,0
44,3516,699,179909,1,1,1,47591,13,7,1,0,0,0,0,0,0,1,0,0,0,0
45,5411,72,254284,1,1,1,47370,22,4,0,0,0,1,0,0,0,1,0,0,0,0
46,13650,609,298692,1,0,1,47348,19,15,0,0,0,1,0,0,0,0,0,0,1,0
47,9191,94,17127,1,0,0,47113,4,12,0,0,0,1,0,0,0,1,0,0,0,0
48,6144,615,1827,1,1,1,46884,6,39,0,1,0,0,0,0,0,1,0,0,0,0
49,6919,9,1096,1,0,1,46825,16,27,0,1,0,0,0,0,0,0,0,0,0,1
50,7080,206,20507,1,1,0,46562,8,6,1,0,0,0,0,0,0,1,0,0,0,0
51,6735,89,41737,1,1,1,46529,4,25,0,0,0,0,0,1,0,0,0,0,1,0
52,9117,1116,385772,1,1,1,46457,10,8,0,0,0,1,0,0,0,0,0,1,0,0
53,15165,45,2822,1,0,0,46271,5,4,0,0,0,0,0,1,0,1,0,0,0,0
54,7615,13,134397,1,1,1,46111,23,6,0,0,0,0,0,1,0,0,0,1,0,0
55,9277,157,947529,1,1,0,45867,5,21,0,1,0,0,0,0,0,0,0,1,0,0
56,3559,1510,12338,1,1,1,45865,13,7,0,0,1,0,0,0,0,1,0,0,0,0
57,3869,302,99969,1,1,1,45603,6,5,0,0,0,0,0,0,1,1,0,0,0,0
58,8005,374,52209,1,1,1,45430,7,9,0,0,0,0,0,0,1,0,0,1,0,0
59,5581,410,348384,1,1,0,45371,11,6,1,0,0,0,0,0,0,0,0,0,1,0
60,23450,8378,483435,1,1,0,45343,4,7,0,0,1,0,0,0,0,0,0,0,1,0
61,3424,327,119867,1,1,1,45044,5,9,0,0,0,0,1,0,0,0,0,0,0,1
62,9793,182,44627,1,1,1,44791,10,6,0,0,0,0,0,0,1,1,0,0,0,0
63,9978,756,388212,1,1,1,44757,5,5,0,0,0,0,0,1,0,0,0,1,0,0
64,12289,683,103937,1,1,1,44771,12,16,0,0,1,0,0,0,0,1,0,0,0,0
65,5395,7,1549,1,0,0,44712,6,14,0,1,0,0,0,0,0,0,0,0,0,1
66,4897,338,74416,1,1,1,44821,6,5,0,0,1,0,0,0,0,1,0,0,0,0
67,1931,292,4363,1,0,1,44748,5,3,0,0,0,0,1,0,0,1,0,0,0,0
68,6202,85,3747,1,1,1,44332,13,20,0,1,0,0,0,0,0,1,0,0,0,0
69,6656,67,102,1,0,0,44430,5,14,1,0,0,0,0,0,0,0,0,0,0,1
70,8907,377,3717,0,1,1,44121,7,7,0,0,1,0,0,0,0,0,0,0,1,0
71,2953,85,59527,1,1,1,43974,8,10,0,0,0,0,0,0,1,1,0,0,0,0
72,9633,776,22446,1,1,1,43645,11,6,0,0,1,0,0,0,0,0,0,0,0,1
73,6513,303,340674,1,0,0,43027,10,9,1,0,0,0,0,0,0,0,0,0,0,1
74,5207,138,114374,1,1,1,42906,5,6,1,0,0,0,0,0,0,0,0,0,1,0
75,5280,908,95864,1,0,0,42850,24,10,1,0,0,0,0,0,0,1,0,0,0,0
76,7171,667,149995,1,1,1,42780,8,10,0,0,0,0,1,0,0,0,0,1,0,0
77,3337,1089,88893,1,1,1,42759,6,8,1,0,0,0,0,0,0,1,0,0,0,0
78,10191,17,871803,1,1,1,42720,8,18,0,1,0,0,0,0,0,1,0,0,0,0
79,3374,587,20129,1,1,0,42631,6,4,0,0,0,1,0,0,0,1,0,0,0,0
80,2027,87,330,1,1,1,42444,24,27,0,0,1,0,0,0,0,1,0,0,0,0
81,3493,187,47973,1,1,1,42408,3,5,1,0,0,0,0,0,0,1,0,0,0,0
82,23606,99,195476,0,0,0,42337,34,3,0,0,0,0,0,0,1,0,0,0,1,0
83,8860,140,47089,1,0,0,42258,10,6,0,0,0,0,0,0,1,0,0,1,0,0
84,15183,213,10242,1,1,1,41953,11,19,0,0,0,0,0,0,1,0,0,0,1,0
85,10068,273,1118,1,0,0,41997,8,19,1,0,0,0,0,0,0,1,0,0,0,0
86,1029,184,64253,1,1,0,41847,12,5,0,0,0,0,0,0,1,0,0,1,0,0
87,5999,62,1073,1,1,1,41721,5,11,0,1,0,0,0,0,0,1,0,0,0,0
88,5122,135,1492084,0,0,0,41627,5,6,0,0,0,0,0,0,1,0,0,0,0,1
89,3082,345,18412,1,1,1,41387,18,10,0,0,1,0,0,0,0,0,0,0,1,0
90,11711,18,200338,1,1,0,41260,4,8,0,0,1,0,0,0,0,0,0,0,0,1
91,17669,75,128603,1,1,0,41024,10,8,1,0,0,0,0,0,0,1,0,0,0,0
92,5342,817,87177,1,1,0,40930,10,5,0,0,0,1,0,0,0,1,0,0,0,0
93,3237,110,15680,1,0,1,40929,7,5,0,0,0,0,1,0,0,0,0,1,0,0
94,11169,209,12496,1,1,1,40905,16,20,0,0,0,0,0,0,1,0,0,1,0,0
95,11335,25,137770,1,1,1,40859,168,6,0,0,1,0,0,0,0,0,0,0,0,1
96,2145,771,33978,1,1,0,40810,9,6,1,0,0,0,0,0,0,1,0,0,0,0
97,5924,39,3202,0,0,0,40817,14,15,0,0,0,0,0,0,1,0,0,0,0,1
98,2852,1968,119359,1,1,0,40661,13,4,1,0,0,0,0,0,0,0,0,0,1,0
99,3248,451,44014,1,1,1,40637,4,7,1,0,0,0,0,0,0,0,0,0,1,0
0,8951,2,4724,1,1,1,40610,20,31,0,1,0,0,0,0,0,1,0,0,0,0
1,5654,88,512,1,0,0,40573,6,21,0,1,0,0,0,0,0,0,0,0,0,1
2,8738,40,77019,1,0,0,40396,11,5,1,0,0,0,0,0,0,1,0,0,0,0
3,10559,113,38326,1,1,1,40341,11,33,0,0,0,0,1,0,0,0,0,0,0,1
4,4571,802,213946,1,0,0,40256,7,4,0,0,0,0,1,0,0,1,0,0,0,0
5,7682,54,1332,1,1,0,40315,10,15,0,1,0,0,0,0,0,0,0,0,0,1
6,8599,203,68476,1,1,0,40091,13,4,0,0,0,0,1,0,0,0,0,1,0,0
7,7132,161,5746,1,0,1,40043,9,8,0,0,0,0,0,1,0,0,0,1,0,0
8,8461,36,55123,1,0,0,39711,9,10,0,0,0,0,1,0,0,1,0,0,0,0
9,2293,316,11784,1,0,1,39582,5,9,0,0,0,0,0,0,1,0,0,1,0,0
10,6550,12,15378,1,0,0,39528,13,11,0,0,0,0,0,0,1,1,0,0,0,0
11,4921,4157,238481,1,0,0,39493,4,5,0,0,0,0,0,0,1,1,0,0,0,0
12,20112,39,864551,1,1,1,39392,38,8,0,0,0,0,0,0,1,1,0,0,0,0
13,27340,792,842260,1,1,0,39377,8,15,0,0,0,1,0,0,0,0,0,0,1,0
14,5859,1091,273537,1,1,1,39178,3,4,0,0,0,1,0,0,0,1,0,0,0,0
15,1978,490,5404,1,1,1,39104,14,5,1,0,0,0,0,0,0,1,0,0,0,0
16,3970,913,127934,1,1,1,38929,19,5,1,0,0,0,0,0,0,1,0,0,0,0
17,3138,226,16784,1,1,1,38867,6,4,0,0,0,0,0,0,1,0,0,0,1,0
18,1757,578,109301,1,0,0,38791,21,10,0,0,0,1,0,0,0,0,0,1,0,0
19,2988,14,1026,1,1,1,38792,4,16,0,1,0,0,0,0,0,0,0,0,0,1
20,10254,80,1790,1,1,0,38803,14,8,0,1,0,0,0,0,0,1,0,0,0,0
21,8819,361,132551,1,1,1,38747,4,6,1,0,0,0,0,0,0,0,0,1,0,0
22,2367,2545,565489,1,0,0,38713,12,7,1,0,0,0,0,0,0,1,0,0,0,0
23,4877,803,163698,1,1,1,38688,8,11,1,0,0,0,0,0,0,1,0,0,0,0
24,5939,668,59352,1,1,1,38689,14,10,0,0,0,0,0,0,1,0,0,0,0,1
25,6774,752,82075,1,0,1,38698,11,5,0,0,0,0,0,0,1,1,0,0,0,0
26,4557,12,1420,0,0,0,38695,9,19,0,1,0,0,0,0,0,1,0,0,0,0
27,3203,805,20666,1,0,0,38614,6,5,0,0,0,1,0,0,0,1,0,0,0,0
28,1851,509,57268,1,1,1,38564,6,6,0,0,0,0,0,0,1,0,0,0,1,0
29,4189,636,65290,1,1,1,38358,5,7,0,0,0,0,1,0,0,1,0,0,0,0
30,12237,97,34427,1,1,1,38107,7,8,0,0,0,0,0,0,1,0,0,0,0,1
31,7950,2,923,0,0,0,38031,2,20,0,1,0,0,0,0,0,0,0,0,0,1
32,10316,19,12302,0,1,0,37998,13,20,0,0,1,0,0,0,0,1,0,0,0,0
33,1257,69,48624,1,1,1,37851,14,4,0,0,1,0,0,0,0,1,0,0,0,0
34,7152,31,26791,1,1,0,37689,5,9,0,0,0,0,0,0,1,1,0,0,0,0
35,14065,328,185161,1,0,1,37686,7,11,0,0,0,0,1,0,0,0,0,0,0,1
36,6265,406,1987,1,0,1,37690,18,11,0,1,0,0,0,0,0,1,0,0,0,0
37,9392,60,10955,0,1,1,37521,5,19,0,1,0,0,0,0,0,1,0,0,0,0
38,25005,418,39744,1,1,1,37360,11,5,0,0,0,0,0,1,0,0,0,1,0,0
39,7198,4,177853,0,0,1,37121,11,16,0,0,0,0,0,0,1,1,0,0,0,0
40,2424,597,13041,1,0,0,37087,9,3,1,0,0,0,0,0,0,0,0,0,1,0
41,6053,39,21092,1,1,1,36981,8,20,1,0,0,0,0,0,0,1,0,0,0,0
42,6836,57,4473,1,1,1,36697,23,10,1,0,0,0,0,0,0,1,0,0,0,0
43,2287,94,11128,1,0,0,36689,21,17,0,0,0,1,0,0,0,1,0,0,0,0
44,3300,959,91898,1,1,1,36634,4,7,1,0,0,0,0,0,0,0,0,1,0,0
45,5358,6,537,1,1,1,36660,8,16,0,1,0,0,0,0,0,0,0,0,0,1
46,1376,152,30959,1,1,1,36531,13,15,0,0,0,0,0,0,1,0,0,0,1,0
47,4558,85,77543,1,1,1,36520,16,6,0,0,0,1,0,0,0,1,0,0,0,0
48,2281,33,6751,1,1,1,36419,6,7,0,0,0,0,0,0,1,0,0,0,1,0
49,7533,80,202616,1,0,1,36107,14,14,1,0,0,0,0,0,0,1,0,0,0,0
50,2829,265,9270990,1,1,1,35945,26,10,0,0,0,0,0,0,1,0,0,0,1,0
51,7688,55,466048,0,0,0,35788,8,9,0,0,0,0,0,0,1,0,0,0,0,1
52,3261,626,8295,1,1,1,35712,15,6,0,0,0,0,0,0,1,1,0,0,0,0
53,2058,6,31579,1,0,1,35460,13,7,1,0,0,0,0,0,0,0,0,0,0,1
54,1719,85,1844,1,0,0,35403,15,6,0,0,0,0,1,0,0,0,0,0,0,1
55,2626,294,195080,1,1,1,35157,5,6,0,0,0,0,0,0,1,0,0,0,0,1
56,5112,19,764,1,1,0,35167,9,18,0,1,0,0,0,0,0,1,0,0,0,0
57,8752,2074,21720,1,1,1,35160,26,14,0,0,0,0,0,1,0,0,0,0,1,0
58,6482,58,369627,1,0,1,35049,12,23,0,0,1,0,0,0,0,0,0,0,1,0
59,5219,206,80433,1,1,0,35022,14,8,0,0,0,0,0,0,1,1,0,0,0,0
60,926,139,29452,1,0,0,34919,5,3,0,0,0,0,0,0,1,0,0,1,0,0
61,7169,293,726,1,1,1,34880,1,7,0,1,0,0,0,0,0,0,0,0,0,1
62,4345,97,7310,1,0,1,34872,10,4,1,0,0,0,0,0,0,1,0,0,0,0
63,15478,181,34980,1,1,1,34793,9,25,0,0,0,0,0,0,1,1,0,0,0,0
64,6364,228,1973924,1,1,1,34740,28,9,0,0,1,0,0,0,0,1,0,0,0,0
65,7534,571,144238,1,1,1,34693,3,17,0,1,0,0,0,0,0,0,0,0,0,1
66,5323,496,53435,1,1,0,34695,8,7,1,0,0,0,0,0,0,0,0,0,0,1
67,9120,840,430126,1,1,1,34504,10,4,0,0,0,0,0,0,1,0,0,1,0,0
68,6247,1102,75840,1,0,0,34392,6,7,0,0,0,1,0,0,0,1,0,0,0,0
69,4270,17,132,1,1,1,34225,6,26,0,1,0,0,0,0,0,0,0,0,0,1
70,4655,203,26204,1,1,1,34182,18,17,0,0,1,0,0,0,0,0,0,0,1,0
71,6077,4,4070,1,0,0,34135,6,12,0,1,0,0,0,0,0,0,0,0,0,1
72,21467,43,2367,1,0,1,34132,6,5,0,0,0,0,0,0,1,0,0,1,0,0
73,2522,175,260,1,1,1,34216,21,17,0,1,0,0,0,0,0,0,0,0,0,1
74,5055,18,11077,1,1,1,34134,9,28,1,0,0,0,0,0,0,1,0,0,0,0
75,14498,3558,272989,1,1,1,34111,24,6,0,0,1,0,0,0,0,0,0,0,0,1
76,2921,7,2527,1,1,1,34085,9,5,1,0,0,0,0,0,0,1,0,0,0,0
77,1991,271,546563,1,1,0,34039,13,8,0,0,0,1,0,0,0,0,0,1,0,0
78,5580,3229,84988,1,1,0,33901,4,10,0,0,0,0,0,0,1,1,0,0,0,0
79,7218,396,476028,1,0,0,33867,3,7,0,0,0,0,0,0,1,0,0,0,1,0
80,4887,113,1048,1,1,0,33822,9,22,0,1,0,0,0,0,0,0,0,0,0,1
81,9110,30,751,1,1,1,33766,1,28,0,0,1,0,0,0,0,0,0,0,0,1
82,4955,177,230921,1,1,0,33748,7,10,0,0,0,1,0,0,0,1,0,0,0,0
83,7462,173,15868,1,1,1,33646,12,11,1,0,0,0,0,0,0,0,0,0,0,1
84,8136,2789,92974,1,1,1,33613,14,8,1,0,0,0,0,0,0,1,0,0,0,0
85,3933,25,112284,1,0,0,33462,3,5,0,0,0,0,1,0,0,0,0,0,0,1
86,10867,2,170920,1,1,0,33394,1,10,0,0,1,0,0,0,0,0,0,0,1,0
87,7142,304,124550,1,1,1,33389,7,8,1,0,0,0,0,0,0,0,0,0,1,0
88,7775,5,13555,1,0,0,33370,6,17,1,0,0,0,0,0,0,1,0,0,0,0
89,10255,93,6133,1,0,1,33312,10,12,0,0,0,0,0,0,1,1,0,0,0,0
90,2033,897,84174,1,1,1,33326,7,5,0,0,0,1,0,0,0,1,0,0,0,0
91,6387,10,3757,1,1,1,33255,7,15,0,0,1,0,0,0,0,0,0,0,0,1
92,19329,447,891,0,1,1,33196,2,11,0,0,1,0,0,0,0,0,0,0,0,1
93,3013,782,174122,1,1,1,33118,21,6,0,0,0,0,1,0,0,1,0,0,0,0
94,25664,211,422641,0,1,0,33031,11,5,0,0,0,0,0,0,1,0,0,1,0,0
95,4277,1360,218528,1,1,1,32986,8,6,0,0,0,0,0,1,0,0,0,1,0,0
96,7510,421,843050,1,1,1,32939,8,11,0,0,1,0,0,0,0,0,0,0,0,1
97,7681,30,232312,0,0,0,32860,1,6,0,0,1,0,0,0,0,0,0,1,0,0
98,7643,1613,233242,1,0,0,32837,39,9,0,0,0,0,1,0,0,0,0,0,0,1
99,5270,19,135832,1,0,0,32803,13,14,0,0,0,0,0,1,0,0,0,1,0,0
0,2810,1234,13774,1,0,0,32813,11,5,1,0,0,0,0,0,0,0,0,0,0,1
1,2161,772,10803,1,0,0,32793,10,5,1,0,0,0,0,0,0,1,0,0,0,0
2,3188,71,2727,1,1,1,32721,8,3,1,0,0,0,0,0,0,1,0,0,0,0
3,18997,1182,76170,1,1,1,32659,8,5,0,0,0,0,0,0,1,0,0,0,1,0
4,9024,62,8908,1,1,1,32641,5,24,0,0,0,0,0,0,1,0,0,0,0,1
5,5938,373,91776,1,1,1,32637,12,5,0,0,0,0,0,1,0,0,0,0,1,0
6,11587,46,53211,1,1,1,32578,5,19,0,0,0,0,0,0,1,0,0,0,1,0
7,6936,87,3638,1,1,1,32553,15,36,0,0,1,0,0,0,0,0,0,0,0,1
8,4400,29,1104,1,1,0,32547,8,4,1,0,0,0,0,0,0,1,0,0,0,0
9,7440,3424,586052,1,1,0,32437,8,11,1,0,0,0,0,0,0,0,0,0,1,0
10,2398,742,72452,1,1,1,32327,12,8,1,0,0,0,0,0,0,1,0,0,0,0
11,7683,45,59816,1,0,0,32316,9,4,0,0,0,0,0,0,1,0,0,0,0,1
12,3649,85,312,1,1,1,32267,4,14,0,0,0,0,0,0,1,0,0,0,1,0
13,6818,5,1915,1,1,1,32196,14,12,0,1,0,0,0,0,0,0,0,0,1,0
14,4060,2,2975,1,1,1,32189,11,12,1,0,0,0,0,0,0,1,0,0,0,0
15,7521,179,6718,1,1,1,32163,7,14,0,0,0,1,0,0,0,1,0,0,0,0
16,2689,165,38743,1,1,0,32120,4,3,0,0,0,0,0,0,1,0,0,0,1,0
17,5218,388,56968,1,0,1,32047,5,20,0,0,0,0,0,0,1,0,0,1,0,0
18,3743,132,16080,1,1,1,32043,11,8,0,0,1,0,0,0,0,1,0,0,0,0
19,1858,114,42604,1,1,1,32033,11,12,0,0,0,1,0,0,0,1,0,0,0,0
20,1280,132,4492,1,1,0,32143,10,4,0,0,0,0,1,0,0,1,0,0,0,0
21,4201,343,24126,1,0,0,32028,6,4,0,0,0,0,0,0,1,0,0,1,0,0
22,833,283,15718,1,0,0,31974,9,7,0,0,0,0,1,0,0,1,0,0,0,0
23,3756,541,31431,1,1,1,31825,4,6,1,0,0,0,0,0,0,1,0,0,0,0
24,6734,165,343092,1,0,0,31831,25,6,1,0,0,0,0,0,0,1,0,0,0,0
25,1776,231,12299,1,1,1,31752,14,6,1,0,0,0,0,0,0,1,0,0,0,0
26,713,15,315,1,0,0,31486,6,2,1,0,0,0,0,0,0,0,0,1,0,0
27,5105,3452,349103,1,1,1,31485,17,4,0,0,0,0,1,0,0,0,0,1,0,0
28,3872,53,8381,1,1,1,31456,9,20,1,0,0,0,0,0,0,0,0,0,0,1
29,10245,142,659,1,1,1,31372,11,23,0,1,0,0,0,0,0,0,0,1,0,0
30,8730,846,317,1,1,1,31366,7,4,0,0,1,0,0,0,0,0,0,1,0,0
31,9617,199,72933,1,1,0,31280,9,6,1,0,0,0,0,0,0,1,0,0,0,0
32,3429,146,8373,1,1,0,31277,8,6,0,0,0,0,0,0,1,0,0,0,0,1
33,7804,7800,57556,1,0,1,31238,6,6,0,0,1,0,0,0,0,0,0,0,0,1
34,1408,152,4199,1,0,0,31279,12,7,0,0,0,0,0,0,1,0,0,0,0,1
35,2791,53,232,1,0,0,31127,10,15,0,0,0,0,0,0,1,1,0,0,0,0
36,4176,868,1405405,1,1,1,31097,9,4,0,0,0,1,0,0,0,1,0,0,0,0
37,8206,49,4398,1,0,1,31075,49,18,0,0,0,0,0,0,1,1,0,0,0,0
38,3476,539,256833,1,0,0,31022,11,6,0,0,1,0,0,0,0,0,0,0,1,0
39,12060,27,2068,1,1,1,30948,13,20,0,1,0,0,0,0,0,0,0,1,0,0
40,6034,6,365033,1,1,1,30940,13,15,0,0,0,0,0,1,0,0,0,0,0,1
41,10284,185,47296,1,0,0,30880,8,15,0,0,0,0,0,1,0,0,0,1,0,0
42,4638,163,42822,1,0,1,31028,6,21,0,1,0,0,0,0,0,0,0,0,0,1
43,7116,0,374,1,1,1,30815,2,10,0,1,0,0,0,0,0,0,0,0,0,1
44,12144,303,2511,1,0,0,30775,6,10,0,0,0,0,0,0,1,0,0,1,0,0
45,4886,23,79340,1,0,1,30748,1,10,0,1,0,0,0,0,0,0,0,0,0,1
46,49127,70,340157,1,1,1,30727,8,9,0,0,0,0,0,1,0,1,0,0,0,0
47,9456,268,58570,1,1,1,30618,1,5,0,0,1,0,0,0,0,1,0,0,0,0
48,2440,37,128884,1,1,1,30604,13,6,1,0,0,0,0,0,0,0,0,0,0,1
49,1972,188,6573,1,0,0,30648,7,10,0,0,0,1,0,0,0,1,0,0,0,0
50,2447,65,1084,1,1,1,30658,5,9,0,0,1,0,0,0,0,0,0,0,0,1
51,2536,718,13364,1,1,0,30501,9,6,0,0,0,1,0,0,0,0,0,1,0,0
52,2011,58,5305,1,1,1,30460,10,23,0,0,0,0,0,0,1,0,0,0,0,1
53,6381,639,222843,1,0,1,30425,6,5,0,0,0,0,1,0,0,0,0,1,0,0
54,1719,20,19636,1,0,0,30421,10,6,1,0,0,0,0,0,0,1,0,0,0,0
55,7822,2740,8283,1,1,1,30391,11,9,0,0,0,0,0,0,1,0,0,0,0,1
56,7949,257,50769,1,0,1,30384,4,15,0,0,0,0,0,0,1,0,0,0,0,1
57,5233,43,296361,1,0,0,30384,4,4,0,0,0,0,0,0,1,1,0,0,0,0
58,3826,214,18756,1,0,1,30353,4,4,0,0,0,0,0,1,0,0,0,1,0,0
59,1625,189,122,1,1,1,30360,7,7,0,1,0,0,0,0,0,0,0,0,0,1
60,4773,0,18010,1,0,1,30338,7,20,0,0,0,0,0,0,1,0,0,0,0,1
61,5426,551,19942,1,1,0,30363,14,4,0,0,0,1,0,0,0,1,0,0,0,0
62,7689,111,104247,1,0,1,30288,8,7,1,0,0,0,0,0,0,0,0,1,0,0
63,3809,1829,242167,1,0,0,30234,10,5,0,0,0,0,1,0,0,1,0,0,0,0
64,3371,133,2045,1,1,1,30165,5,14,0,0,0,0,0,0,1,0,0,1,0,0
65,5044,4,27703,1,1,1,30164,8,10,0,0,0,0,0,0,1,1,0,0,0,0
66,2279,1296,252885,1,0,1,30195,6,4,0,0,0,0,0,0,1,0,0,0,0,1
67,3409,310,260179,1,0,0,30011,20,6,0,0,0,1,0,0,0,0,0,0,1,0
68,2609,1,828,1,1,1,29947,7,24,0,1,0,0,0,0,0,0,0,0,0,1
69,9666,3,306483,0,0,0,29911,3,6,0,0,0,0,0,0,1,0,0,0,1,0
70,7971,25,12537,0,0,0,29793,5,19,0,0,0,0,1,0,0,0,0,0,0,1
71,2346,475,82309,1,1,1,29785,4,9,0,0,0,1,0,0,0,0,0,0,0,1
72,2401,667,35374,1,0,0,29773,7,10,0,0,0,1,0,0,0,1,0,0,0,0
73,2825,682,48600,1,0,1,29734,5,13,1,0,0,0,0,0,0,1,0,0,0,0
74,9232,6,241354,1,0,1,29648,9,5,0,0,0,0,0,1,0,0,0,1,0,0
75,11791,34,48455,1,1,1,29601,4,10,0,0,0,0,0,1,0,0,0,1,0,0
76,6040,298,1042448,1,1,1,29601,3,6,1,0,0,0,0,0,0,0,0,1,0,0
77,4592,2257,149698,1,1,0,29387,6,8,0,0,0,0,0,0,1,0,0,0,0,1
78,6508,220,1622,1,0,0,29379,21,7,0,0,0,0,0,0,1,0,0,0,0,1
79,14540,522,79109,1,1,1,29323,9,5,0,0,0,0,0,1,0,0,0,1,0,0
80,1482,93,4557,1,1,1,29322,6,8,0,0,1,0,0,0,0,1,0,0,0,0
81,6443,233,28934,1,1,1,29299,6,6,0,0,0,0,0,1,0,0,0,1,0,0
82,6222,955,29446,1,1,1,29279,6,7,1,0,0,0,0,0,0,1,0,0,0,0
83,2561,49,4210,0,0,0,29271,10,26,1,0,0,0,0,0,0,1,0,0,0,0
84,5652,47,121741,1,1,1,29242,24,16,0,0,0,0,0,0,1,1,0,0,0,0
85,5336,33,10513,1,1,1,29239,3,17,0,0,1,0,0,0,0,0,0,0,0,1
86,1970,18,660,1,1,1,29225,7,4,0,1,0,0,0,0,0,0,0,0,0,1
87,1796,737,56331,1,1,1,29182,18,1,0,0,0,0,0,0,1,1,0,0,0,0
88,6009,42,12978,1,0,1,29134,11,6,0,0,0,0,0,0,1,0,0,0,0,1
89,3493,17,381,1,1,0,28999,6,19,0,0,0,0,0,0,1,0,0,0,0,1
90,3229,598,47288,1,1,1,28962,34,7,0,0,1,0,0,0,0,0,0,0,1,0
91,1458,770,5036,1,1,1,28925,8,10,0,0,0,0,0,0,1,0,0,0,1,0
92,2931,40,199,1,1,0,28918,5,11,0,1,0,0,0,0,0,1,0,0,0,0
93,5827,15,164709,1,1,1,28852,3,9,0,0,0,0,0,0,1,0,0,0,0,1
94,4679,64,8930,1,1,1,28836,21,19,1,0,0,0,0,0,0,1,0,0,0,0
95,1931,123,30105,1,0,0,28837,3,7,0,0,0,0,0,0,1,0,0,0,0,1
96,1456,415,17566,1,0,0,28885,7,8,0,0,0,1,0,0,0,1,0,0,0,0
97,18573,1908,5036258,1,1,1,28767,8,8,0,1,0,0,0,0,0,0,0,0,0,1
98,3775,370,25320,1,1,0,28753,5,3,0,0,0,0,1,0,0,1,0,0,0,0
99,6567,642,56033,1,1,1,28674,1,5,0,0,1,0,0,0,0,1,0,0,0,0
0,1528,24,74813,1,0,0,28624,3,13,0,0,0,0,0,0,1,1,0,0,0,0
1,3937,2193,288467,1,1,1,28569,17,8,0,0,0,0,0,0,1,0,0,0,1,0
2,7899,2368,317720,1,1,1,28573,18,10,0,0,0,0,0,0,1,1,0,0,0,0
3,1381,7,26845,1,1,0,28550,13,15,0,0,0,1,0,0,0,1,0,0,0,0
4,6072,97,8778,1,0,0,28486,19,17,1,0,0,0,0,0,0,1,0,0,0,0
5,5191,1579,24250,1,0,1,28418,30,7,0,0,0,1,0,0,0,1,0,0,0,0
6,3186,95,4062,1,0,1,28313,11,4,0,0,0,0,1,0,0,1,0,0,0,0
7,5496,19,10892,1,1,1,28239,12,5,0,0,0,0,1,0,0,0,0,0,1,0
8,1706,283,77458,1,1,1,28042,19,6,0,0,0,1,0,0,0,0,0,0,0,1
9,5593,71,27054,1,1,1,27865,12,8,1,0,0,0,0,0,0,1,0,0,0,0
10,13938,191,73004,1,0,1,27836,16,7,1,0,0,0,0,0,0,0,0,0,1,0
11,1865,156,329,1,1,1,27836,2,24,0,0,0,0,0,0,1,1,0,0,0,0
12,8759,184,836,1,1,0,27873,10,8,0,0,0,0,0,0,1,1,0,0,0,0
13,6473,158,1100,1,1,1,27807,6,14,0,1,0,0,0,0,0,1,0,0,0,0
14,3955,37,1061,1,0,0,27844,13,18,0,1,0,0,0,0,0,0,0,0,0,1
15,1766,349,6200,1,1,1,27840,5,5,0,0,1,0,0,0,0,1,0,0,0,0
16,3381,261,53867,1,1,0,27749,12,9,0,0,1,0,0,0,0,1,0,0,0,0
17,7821,21,6309,1,1,1,27715,9,3,0,0,1,0,0,0,0,0,0,0,1,0
18,1093,345,37581,1,1,1,27749,6,7,0,0,0,0,1,0,0,1,0,0,0,0
19,1754,100,8857,1,1,1,27769,5,8,0,0,0,0,0,0,1,1,0,0,0,0
20,3889,76,1494,1,1,1,27773,5,5,0,0,0,0,1,0,0,0,0,0,0,1
21,3211,51,6470,1,1,0,27649,8,6,1,0,0,0,0,0,0,0,0,0,1,0
22,1587,29,27585,1,1,0,27604,11,11,0,0,0,1,0,0,0,1,0,0,0,0
23,9485,139,16809,1,1,0,27586,6,4,1,0,0,0,0,0,0,1,0,0,0,0
24,5903,58,60251,1,1,1,27592,4,8,1,0,0,0,0,0,0,0,0,0,1,0
25,2444,11,6797,1,1,1,27584,7,5,1,0,0,0,0,0,0,1,0,0,0,0
26,3888,70,134696,1,0,0,27563,7,10,0,0,0,0,0,0,1,0,0,1,0,0
27,11926,11,1012,1,1,1,27540,10,20,0,0,0,0,0,1,0,0,0,0,0,1
28,7568,110,27110,1,1,1,27589,9,3,0,0,0,0,0,0,1,0,0,1,0,0
29,5899,1349,3655,1,1,0,27510,6,5,1,0,0,0,0,0,0,1,0,0,0,0
30,2468,30,4448,1,1,1,27497,4,5,0,0,0,0,0,0,1,1,0,0,0,0
31,12285,526,754302,1,1,1,27410,2,20,0,0,0,0,0,0,1,0,0,0,1,0
32,11792,0,70241,1,0,0,27272,7,15,0,1,0,0,0,0,0,0,0,0,0,1
33,7104,188,89425,1,1,1,27207,4,15,0,1,0,0,0,0,0,0,0,0,0,1
34,4200,1219,173719,1,1,1,27174,4,3,0,0,0,0,0,0,1,0,0,0,0,1
35,2802,246,122206,1,1,0,27102,6,4,0,0,0,1,0,0,0,0,0,1,0,0
36,9253,20,66862,1,0,0,27099,3,9,0,0,0,0,0,0,1,1,0,0,0,0
37,4443,202,4692,1,1,1,27102,1,4,0,1,0,0,0,0,0,0,0,0,0,1
38,932,62,35644,1,1,0,27118,9,11,0,0,0,0,0,0,1,1,0,0,0,0
39,2098,535,14568,1,1,0,27103,10,19,1,0,0,0,0,0,0,0,0,0,1,0
40,2238,81,3361,1,0,0,27050,10,8,1,0,0,0,0,0,0,1,0,0,0,0
41,6951,31,21784,1,1,1,27048,5,5,0,0,0,0,0,0,1,1,0,0,0,0
42,9641,287,12256,1,1,1,26984,10,6,0,0,1,0,0,0,0,0,0,0,0,1
43,8711,720,226240,1,1,0,26965,4,7,0,0,0,0,0,0,1,1,0,0,0,0
44,1816,132,105160,1,1,0,26961,9,12,1,0,0,0,0,0,0,0,0,1,0,0
45,2977,11,482,1,1,1,26925,8,18,1,0,0,0,0,0,0,1,0,0,0,0
46,2304,1859,841343,1,1,1,26930,20,14,0,0,0,0,0,0,1,0,0,1,0,0
47,2337,164,1617,1,1,1,26881,7,5,0,0,0,0,1,0,0,0,0,1,0,0
48,9839,141,50303,1,1,1,26814,13,6,0,0,0,0,0,1,0,0,0,1,0,0
49,3737,892,5486,1,1,1,26828,9,7,0,0,0,0,0,0,1,0,0,0,0,1
50,2677,830,344687,1,0,1,26782,14,10,1,0,0,0,0,0,0,1,0,0,0,0
51,2475,1459,273086,1,1,1,26734,7,7,0,0,0,0,0,1,0,0,0,1,0,0
52,7145,40,1186,1,1,1,26705,9,8,0,0,0,0,0,1,0,1,0,0,0,0
53,1101,400,26842,1,0,0,26677,12,8,0,0,0,0,0,0,1,0,0,0,0,1
54,4963,103,1307,1,0,0,26611,12,11,0,1,0,0,0,0,0,0,0,0,0,1
55,6335,123,22990,1,0,0,26590,4,8,0,0,0,0,0,0,1,1,0,0,0,0
56,2333,99,113101,1,1,0,26560,11,9,0,0,0,1,0,0,0,1,0,0,0,0
57,1896,6,1222,1,0,0,26542,9,5,1,0,0,0,0,0,0,0,0,0,0,1
58,2995,912,31216,1,1,1,26532,22,5,0,0,0,0,0,0,1,0,0,0,0,1
59,7737,6,3323997,1,1,1,26723,1,11,0,0,0,0,0,0,1,0,0,0,0,1
60,944,13,3045,1,0,0,26671,6,5,1,0,0,0,0,0,0,1,0,0,0,0
61,4765,55,14104,1,1,1,26510,8,20,0,0,0,0,0,0,1,1,0,0,0,0
62,6646,39,56597,1,0,0,26482,5,6,0,0,0,0,0,0,1,0,0,0,0,1
63,8601,251,10916,1,0,0,26478,7,10,0,0,0,0,0,0,1,0,0,0,0,1
64,3379,239,10094,1,1,0,26473,11,5,0,0,0,0,0,0,1,1,0,0,0,0
65,5630,46,7037,1,1,1,26443,4,10,1,0,0,0,0,0,0,1,0,0,0,0
66,2576,107,10684,1,0,0,26426,7,10,1,0,0,0,0,0,0,1,0,0,0,0
67,5451,105,868034,0,1,1,26345,40,24,0,0,0,0,0,0,1,0,0,0,0,1
68,2028,618,35517,1,1,1,26351,8,6,0,0,1,0,0,0,0,0,0,0,0,1
69,2978,57,16128,1,0,0,26329,7,13,0,0,1,0,0,0,0,0,0,0,0,1
70,1499,12,9781,1,0,1,26305,5,7,0,0,0,1,0,0,0,1,0,0,0,0
71,6520,49,9950,1,1,1,26323,17,4,0,0,0,0,0,0,1,0,0,0,1,0
72,1902,0,1317,1,1,1,26301,9,22,1,0,0,0,0,0,0,0,0,0,0,1
73,4030,804,34841,1,1,0,26227,20,9,1,0,0,0,0,0,0,1,0,0,0,0
74,10652,898,169154,1,1,0,26204,12,7,0,0,1,0,0,0,0,0,0,1,0,0
75,4406,499,22238,1,0,0,26162,7,7,0,0,0,0,1,0,0,0,0,1,0,0
76,1788,8,5551,1,0,0,26125,8,12,0,0,0,0,0,0,1,0,0,0,0,1
77,7057,725,6516,1,1,1,26128,6,5,1,0,0,0,0,0,0,1,0,0,0,0
78,7783,14,714371,1,1,1,26223,1,6,0,0,0,0,0,0,1,0,0,0,0,1
79,5637,38,984,1,1,1,26071,38,5,0,0,0,0,0,0,1,0,0,0,1,0
80,7046,5,72398,1,1,1,26037,20,5,0,0,1,0,0,0,0,0,0,1,0,0
81,4394,782,117300,1,1,0,26083,3,11,0,0,0,1,0,0,0,1,0,0,0,0
82,2972,58,76996,1,0,0,25960,12,6,0,0,0,0,0,0,1,1,0,0,0,0
83,6040,23,486,1,1,1,25922,12,39,0,1,0,0,0,0,0,0,0,0,0,1
84,4585,339,158,1,1,1,25875,7,12,1,0,0,0,0,0,0,1,0,0,0,0
85,9109,97,13868,1,1,1,25796,15,16,0,0,0,0,0,1,0,1,0,0,0,0
86,2666,315,5251,1,1,1,25773,12,7,0,0,0,0,0,0,1,0,0,0,1,0
87,4714,114,3909,1,0,0,25696,9,11,0,0,0,0,0,1,0,0,0,1,0,0
88,3244,247,199,1,1,1,25671,1,24,1,0,0,0,0,0,0,0,0,0,0,1
89,2923,843,57688,1,1,1,25675,3,6,0,0,0,0,0,0,1,0,0,0,1,0
90,8144,2369,65887,1,1,1,25599,2,5,0,0,0,0,0,1,0,0,0,1,0,0
91,5628,254,711245,1,1,1,25542,1,8,0,0,0,0,0,0,1,0,0,0,0,1
92,2119,125,3029,1,1,0,25572,8,4,0,0,0,0,0,0,1,0,0,0,0,1
93,5266,820,181725,1,1,1,25502,11,6,0,0,0,0,0,0,1,0,0,1,0,0
94,10915,240,31028,1,1,1,25486,3,6,0,0,1,0,0,0,0,1,0,0,0,0
95,4135,66,7768,1,1,1,25528,14,29,0,0,1,0,0,0,0,0,0,0,1,0
96,3165,86,2290,1,0,0,25467,5,7,1,0,0,0,0,0,0,0,0,1,0,0
97,1861,1352,282564,1,0,1,25465,7,9,0,0,0,0,0,0,1,0,0,0,1,0
98,12131,251,100554,1,0,0,25393,4,11,0,0,0,1,0,0,0,1,0,0,0,0
99,4695,7,18616,1,1,1,25390,15,11,0,0,0,0,1,0,0,1,0,0,0,0
0,6320,72,12552,1,0,0,25327,20,7,1,0,0,0,0,0,0,1,0,0,0,0
1,3136,28,530,1,0,0,25332,4,5,1,0,0,0,0,0,0,1,0,0,0,0
2,1689,114,361307,1,0,0,25311,11,4,1,0,0,0,0,0,0,1,0,0,0,0
3,1687,21,18620,1,0,1,25296,4,4,0,0,0,1,0,0,0,1,0,0,0,0
4,5106,52,86165,1,0,1,25238,47,4,0,0,0,0,0,0,1,0,0,0,1,0
5,3044,186,20352,1,0,1,25224,15,9,1,0,0,0,0,0,0,1,0,0,0,0
6,4589,212,26860,0,1,1,25210,1,12,0,0,0,0,0,1,0,0,0,1,0,0
7,16306,5195,4486797,1,0,1,25194,8,4,1,0,0,0,0,0,0,0,0,0,1,0
8,5456,323,4483,1,1,0,25172,15,9,0,0,1,0,0,0,0,0,0,1,0,0
9,9573,58,684224,1,1,1,25145,1,26,0,0,0,0,0,0,1,0,0,0,0,1
10,1546,9,7227,1,1,1,25105,13,7,0,0,0,1,0,0,0,1,0,0,0,0
11,5281,20,3366,1,1,1,25136,23,16,0,0,1,0,0,0,0,0,0,0,1,0
12,9006,11,25,0,1,1,25106,7,12,0,1,0,0,0,0,0,0,0,0,0,1
13,2465,62,28710,1,1,0,25099,7,5,0,0,0,0,1,0,0,0,0,0,1,0
14,4908,445,18630,1,0,0,25054,3,10,1,0,0,0,0,0,0,1,0,0,0,0
15,1757,14,16296,1,0,1,25028,3,4,0,0,0,0,0,0,1,0,0,0,1,0
16,3492,367,2759,1,1,1,24985,14,8,1,0,0,0,0,0,0,1,0,0,0,0
17,4493,266,35594,1,1,0,24945,11,10,0,0,0,0,0,0,1,1,0,0,0,0
18,3993,113,1404,1,0,0,24895,13,9,0,0,0,0,0,0,1,1,0,0,0,0
19,4074,1132,380124,1,0,0,24844,20,6,0,0,0,0,1,0,0,0,0,0,0,1
20,5789,104,6880,1,0,1,24844,8,12,0,0,0,0,0,0,1,0,0,0,1,0
21,5274,11,34195,1,1,1,24828,23,17,1,0,0,0,0,0,0,1,0,0,0,0
22,3683,1011,8666,0,1,0,24754,10,7,1,0,0,0,0,0,0,0,0,1,0,0
23,655,80,6032,1,1,1,24771,6,3,0,0,0,0,1,0,0,1,0,0,0,0
24,3154,5261,1893685,1,1,1,24733,9,9,0,0,0,0,1,0,0,0,0,0,1,0
25,6392,33,65709,1,1,1,24694,1,7,0,0,0,0,0,1,0,0,0,0,0,1
26,6050,788,2105482,1,1,1,24692,17,4,1,0,0,0,0,0,0,1,0,0,0,0
27,8589,624,136753,1,1,0,24685,10,10,1,0,0,0,0,0,0,0,0,1,0,0
28,3912,242,18594,1,1,0,24677,5,12,0,0,0,1,0,0,0,1,0,0,0,0
29,1467,1014,87026,1,1,0,24652,14,10,1,0,0,0,0,0,0,1,0,0,0,0
30,6481,1898,15460,1,1,1,24643,8,8,0,0,0,0,0,1,0,0,0,1,0,0
31,2770,503,19579,1,0,0,24512,12,5,0,0,0,1,0,0,0,1,0,0,0,0
32,5174,243,40195,1,1,1,24469,4,3,1,0,0,0,0,0,0,0,0,0,1,0
33,12846,133,108344,1,1,1,24477,23,10,0,0,0,0,0,0,1,0,0,1,0,0
34,7594,191,147548,1,1,1,24470,27,58,0,0,0,0,0,0,1,1,0,0,0,0
35,6668,11,6084,1,1,1,24406,40,9,0,0,0,0,0,0,1,0,0,0,1,0
36,3472,304,84840,1,1,1,24379,10,8,1,0,0,0,0,0,0,1,0,0,0,0
37,4307,127,106341,1,1,0,24424,6,5,1,0,0,0,0,0,0,1,0,0,0,0
38,1842,57,19313,1,1,1,24341,9,20,1,0,0,0,0,0,0,1,0,0,0,0
39,8705,64,14957,1,1,0,24315,4,20,1,0,0,0,0,0,0,1,0,0,0,0
40,7469,19,1584,1,0,1,24306,1,17,0,0,0,0,0,0,1,0,0,0,1,0
41,4296,1452,232001,1,0,0,24302,2,4,1,0,0,0,0,0,0,0,0,1,0,0
42,1837,128,722,1,1,1,24297,9,9,1,0,0,0,0,0,0,1,0,0,0,0
43,7151,162,86448,1,1,1,24303,13,8,0,0,0,0,0,0,1,0,0,0,1,0
44,3367,1184,207114,1,0,0,24208,13,5,0,0,0,0,1,0,0,0,0,0,0,1
45,5809,28,15604,1,1,1,24148,10,10,0,0,0,0,0,0,1,1,0,0,0,0
46,3042,13,140296,1,1,1,24224,16,21,0,1,0,0,0,0,0,0,0,0,0,1
47,4303,81,4140,1,1,0,24090,16,18,0,1,0,0,0,0,0,1,0,0,0,0
48,4121,676,196005,1,1,0,24049,3,8,0,0,0,0,1,0,0,0,0,1,0,0
49,1596,50,2370,1,0,1,24031,17,7,1,0,0,0,0,0,0,1,0,0,0,0
50,9839,191,8339,1,1,1,24004,1,3,0,0,0,0,0,1,0,0,0,0,0,1
51,2768,11,37490,1,1,1,23996,5,13,0,0,1,0,0,0,0,0,0,0,0,1
52,6419,10,4331323,1,1,1,24017,13,15,0,0,0,0,0,0,1,0,0,0,0,1
53,2585,140,709480,1,0,1,24002,5,7,0,0,0,0,0,0,1,1,0,0,0,0
54,4221,1198,33382,1,1,1,23960,9,5,0,0,0,0,0,0,1,0,0,0,1,0
55,4798,2345,735841,1,1,1,23960,9,10,0,0,0,0,0,0,1,0,0,1,0,0
56,4666,146,1734,1,1,1,23982,19,8,0,0,0,0,0,1,0,0,0,1,0,0
57,8334,502,3336,1,1,1,23911,4,21,1,0,0,0,0,0,0,0,0,1,0,0
58,4262,712,73199,1,1,1,23854,10,7,0,0,0,0,0,0,1,1,0,0,0,0
59,7243,85,13110,1,1,1,23845,6,16,0,0,1,0,0,0,0,1,0,0,0,0
60,1400,131,3074,1,1,1,23843,12,11,0,0,0,0,0,0,1,0,0,0,0,1
61,6976,122,1950122,1,1,1,23808,6,8,0,0,0,0,0,1,0,0,0,1,0,0
62,1828,1865,3222,1,1,1,23841,1,6,0,1,0,0,0,0,0,0,0,0,0,1
63,4484,34,147,1,1,1,23742,6,28,0,0,0,0,0,0,1,0,0,0,0,1
64,6383,107,26005,1,1,1,23694,1,9,0,0,0,0,0,1,0,0,0,1,0,0
65,7580,445,66783,1,0,0,23666,8,9,0,0,0,1,0,0,0,1,0,0,0,0
66,2992,467,48200,1,1,1,23681,10,17,1,0,0,0,0,0,0,1,0,0,0,0
67,1343,523,2426,1,1,1,23701,8,19,0,0,0,0,0,0,1,0,0,1,0,0
68,4868,52,82550,1,1,1,23630,7,6,0,0,1,0,0,0,0,0,0,0,1,0
69,4471,499,8461,1,1,0,23664,7,8,0,0,0,0,0,0,1,1,0,0,0,0
70,7103,23,1090,1,1,1,23597,14,9,0,0,0,0,0,1,0,1,0,0,0,0
71,4837,239,273235,1,1,1,23594,2,18,0,0,0,0,0,1,0,0,0,1,0,0
72,5756,687,344872,1,0,0,23589,2,15,0,0,0,0,0,0,1,0,0,1,0,0
73,2143,78,667,1,1,1,23632,14,13,0,1,0,0,0,0,0,0,0,0,0,1
74,1946,14,2748,1,1,1,23576,6,5,0,0,0,0,0,0,1,1,0,0,0,0
75,3187,1520,164086,1,1,0,23581,8,8,0,0,0,0,1,0,0,1,0,0,0,0
76,3842,102,186923,1,0,0,23518,8,5,0,0,1,0,0,0,0,1,0,0,0,0
77,45046,214,88593,1,1,1,23457,9,19,0,1,0,0,0,0,0,1,0,0,0,0
78,6172,269,49571,1,0,0,23489,5,21,0,0,1,0,0,0,0,0,0,0,1,0
79,3157,171,20700,1,1,1,23428,5,5,0,0,0,0,0,0,1,0,0,0,0,1
80,1712,42,6197,1,1,0,23342,8,7,1,0,0,0,0,0,0,0,0,0,1,0
81,1015,62,474806,1,1,0,23233,8,12,0,0,0,1,0,0,0,1,0,0,0,0
82,823,2100,64942,1,0,0,23207,17,6,0,0,0,1,0,0,0,0,0,1,0,0
83,601,56,1406,1,0,0,23180,8,2,0,0,0,0,0,0,1,0,0,1,0,0
84,649,235,75626,1,0,1,23163,8,7,0,0,0,0,0,0,1,0,0,0,0,1
85,1743,53,12423,1,1,1,23183,13,5,0,0,0,0,0,0,1,1,0,0,0,0
86,2318,45,7393,1,0,0,23146,5,3,0,0,0,0,1,0,0,1,0,0,0,0
87,6791,761,18837,1,1,1,23154,5,5,0,0,0,0,0,1,0,0,0,1,0,0
88,7167,23,49025,1,1,1,23162,29,30,0,0,1,0,0,0,0,0,0,0,1,0
89,2878,103,154,1,1,1,23087,7,11,0,0,0,0,0,0,1,0,0,0,0,1
90,3730,191,117708,0,0,0,23066,8,10,0,0,0,0,0,0,1,0,0,0,1,0
91,1664,373,92560,1,1,1,23063,12,6,0,0,0,1,0,0,0,0,0,1,0,0
92,2559,206,935,1,1,1,23052,6,10,0,0,0,0,0,0,1,1,0,0,0,0
93,2663,311,10221,1,1,1,23042,11,9,1,0,0,0,0,0,0,1,0,0,0,0
94,5516,701,555320,1,0,0,23036,15,17,0,0,0,0,1,0,0,0,0,0,1,0
95,1744,454,246932,1,1,1,23001,6,6,0,0,1,0,0,0,0,1,0,0,0,0
96,6473,3,43655,1,1,0,23010,8,6,0,0,0,0,0,1,0,0,0,0,1,0
97,738,43,5089,1,1,1,22953,10,5,1,0,0,0,0,0,0,1,0,0,0,0
98,5699,35,1202879,0,0,0,22928,14,8,0,0,0,0,0,0,1,0,0,0,1,0
99,2544,8,333,1,1,1,22883,12,20,0,1,0,0,0,0,0,1,0,0,0,0
0,4905,491,64860,1,1,1,22889,4,29,0,0,0,0,0,1,0,1,0,0,0,0
1,861,84,25331,1,1,0,22952,7,10,0,0,0,0,1,0,0,1,0,0,0,0
2,1095,173,13534,1,1,1,22902,23,10,0,0,0,0,0,0,1,0,0,0,0,1
3,5149,39,8015,1,1,1,22814,6,13,0,0,0,0,0,1,0,0,0,0,0,1
4,8403,286,23024,1,1,1,22802,30,7,0,0,0,0,0,0,1,0,0,1,0,0
5,2038,239,4116,1,1,1,22797,56,9,0,0,0,0,0,0,1,0,0,0,1,0
6,20093,1919,6520,1,1,1,22775,3,7,0,0,0,0,0,0,1,0,0,0,1,0
7,1624,4,2880,1,1,1,22801,5,12,1,0,0,0,0,0,0,1,0,0,0,0
8,3343,298,92081,1,0,0,22748,10,10,0,0,0,0,0,0,1,0,0,1,0,0
9,5223,673,184543,1,1,1,22742,12,7,0,0,0,0,0,0,1,0,0,0,0,1
10,2628,279,54417,1,1,1,22733,16,3,0,0,0,1,0,0,0,0,0,0,1,0
11,1935,4,478,1,0,0,22729,7,16,0,1,0,0,0,0,0,0,0,0,0,1
12,6154,1842,86348,1,1,1,22723,8,10,0,0,0,1,0,0,0,1,0,0,0,0
13,562,75,110,1,1,1,22714,9,11,0,1,0,0,0,0,0,0,0,0,0,1
14,9952,605,45331,1,1,1,22692,15,5,0,0,0,0,0,1,0,0,0,1,0,0
15,4610,390,9784,1,1,1,22680,36,7,0,0,0,0,0,1,0,0,0,0,0,1
16,1463,120,10583,1,1,0,22654,11,4,0,0,0,1,0,0,0,1,0,0,0,0
17,858,82,2991,1,0,0,22630,5,3,0,0,0,1,0,0,0,1,0,0,0,0
18,1986,75,5793,1,1,1,22565,6,4,0,0,0,0,1,0,0,1,0,0,0,0
19,1335,770,128739,1,1,0,22524,6,5,0,0,0,0,0,0,1,1,0,0,0,0
20,6977,389,7279,1,1,1,22507,17,20,0,0,0,0,0,1,0,0,0,1,0,0
21,1723,322,174020,1,1,0,22502,16,8,1,0,0,0,0,0,0,0,0,0,0,1
22,7604,130,45488,1,1,0,22466,5,4,0,0,0,0,0,1,0,0,0,0,0,1
23,1302,126,6296,1,1,0,22496,17,11,0,0,1,0,0,0,0,0,0,0,1,0
24,5460,276,609700,1,1,1,22451,5,14,0,0,0,0,0,1,0,0,0,0,0,1
25,5416,204,5543,1,0,1,22462,7,6,0,0,0,0,0,0,1,1,0,0,0,0
26,3822,409,14054,1,1,0,22473,8,8,0,0,0,1,0,0,0,1,0,0,0,0
27,2399,74,15009,1,1,1,22423,33,4,0,0,0,0,1,0,0,0,0,0,0,1
28,4579,1166,327038,1,1,1,22447,33,9,0,0,1,0,0,0,0,0,0,1,0,0
29,4435,30,121920,1,1,0,22413,5,21,0,0,0,1,0,0,0,1,0,0,0,0
30,2694,5,844,0,1,0,22374,5,5,0,0,1,0,0,0,0,0,0,0,1,0
31,1125,105,47347,1,0,0,22407,21,5,1,0,0,0,0,0,0,0,0,1,0,0
32,2502,17,41,0,1,1,22689,6,23,1,0,0,0,0,0,0,0,0,0,0,1
33,718,245,154018,1,0,0,22342,5,3,0,0,0,0,0,0,1,0,0,1,0,0
34,7238,111,784379,1,1,1,22344,5,6,0,0,0,0,0,0,1,0,0,1,0,0
35,2832,1267,254421,1,1,1,22332,4,10,0,0,0,0,0,0,1,0,0,0,1,0
36,2474,13,3707,1,0,0,22346,15,4,1,0,0,0,0,0,0,0,0,0,1,0
37,3477,10,46994,1,1,1,22321,8,10,0,0,0,0,0,0,1,1,0,0,0,0
38,4780,33,124463,1,1,1,22283,34,21,1,0,0,0,0,0,0,0,0,0,0,1
39,4931,393,62397,1,1,1,22268,18,9,0,0,0,0,0,0,1,0,0,0,1,0
40,2244,26,1943,1,1,1,22260,12,18,0,1,0,0,0,0,0,0,0,0,0,1
41,1962,533,13119,1,0,0,22248,5,5,1,0,0,0,0,0,0,1,0,0,0,0
42,7795,724,11563,1,1,1,22234,11,5,0,0,0,0,0,1,0,0,0,1,0,0
43,2030,59,8181,1,1,1,22210,8,10,1,0,0,0,0,0,0,1,0,0,0,0
44,5249,248,955,1,1,1,22214,8,6,0,0,1,0,0,0,0,1,0,0,0,0
45,3955,7,16105,1,1,1,22206,4,7,0,0,0,0,0,0,1,1,0,0,0,0
46,4286,429,74195,1,1,0,22200,10,8,1,0,0,0,0,0,0,1,0,0,0,0
47,1422,120,573,1,0,1,22208,4,19,0,0,0,0,0,0,1,1,0,0,0,0
48,1302,729,7170,1,1,1,22211,3,2,0,0,0,0,0,0,1,0,0,0,1,0
49,8338,776,415645,1,1,1,22153,20,10,1,0,0,0,0,0,0,0,0,1,0,0
50,3231,13,7179,1,0,0,22144,5,11,0,0,0,1,0,0,0,1,0,0,0,0
51,3820,262,592,1,1,1,22155,14,16,0,1,0,0,0,0,0,0,0,0,1,0
52,11549,972,141802,0,1,0,22089,4,5,0,0,0,0,0,1,0,0,0,1,0,0
53,2653,749,65455,1,0,0,22121,7,4,1,0,0,0,0,0,0,1,0,0,0,0
54,4201,298,3045,1,1,0,22076,14,6,0,0,0,0,0,0,1,0,0,0,1,0
55,1180,149,11685,1,1,0,22093,21,8,0,0,0,0,0,0,1,0,0,0,0,1
56,2416,10,19107,1,1,1,22074,1,4,0,1,0,0,0,0,0,0,0,0,0,1
57,1082,101,8567,1,1,1,22072,9,3,0,0,0,0,0,0,1,0,0,1,0,0
58,1420,129,8295,1,1,1,22028,4,5,1,0,0,0,0,0,0,1,0,0,0,0
59,2978,0,6980,1,1,0,22022,13,13,0,0,0,0,0,0,1,0,0,0,0,1
60,2900,181,4208,1,1,1,21997,6,10,0,0,0,1,0,0,0,1,0,0,0,0
61,1855,39,82923,1,0,0,22013,3,8,1,0,0,0,0,0,0,0,0,0,0,1
62,1972,906,63898,1,1,0,21969,6,9,0,0,0,0,1,0,0,0,0,0,0,1
63,4646,385,41695,1,1,1,21935,9,5,0,0,0,0,0,0,1,0,0,1,0,0
64,8070,174,21430,1,1,0,21933,6,31,0,0,0,0,0,0,1,0,0,1,0,0
65,6222,489,18751,1,1,1,21926,4,4,0,0,0,0,1,0,0,0,0,1,0,0
66,2588,3,14373,1,0,0,21887,9,14,0,1,0,0,0,0,0,0,0,1,0,0
67,3292,576,29975,1,1,1,21891,10,10,1,0,0,0,0,0,0,1,0,0,0,0
68,2301,31,9867,1,0,0,21875,6,6,0,0,0,0,0,0,1,1,0,0,0,0
69,3050,263,133623,1,1,1,21873,7,9,1,0,0,0,0,0,0,0,0,0,1,0
70,2313,266,7275,1,1,0,21818,11,3,0,0,0,0,1,0,0,1,0,0,0,0
71,3675,105,6784,1,0,0,21806,23,6,0,0,1,0,0,0,0,0,0,0,0,1
72,2032,57,30607,1,1,1,21791,5,7,0,0,0,0,0,0,1,0,0,0,0,1
73,3155,247,130369,1,1,1,21829,14,11,0,0,1,0,0,0,0,0,0,0,1,0
74,3054,354,8926,1,1,1,21803,1,4,1,0,0,0,0,0,0,0,0,0,1,0
75,5426,12,1314,1,1,1,21807,1,15,0,0,0,0,0,0,1,0,0,0,0,1
76,10872,1863,122597,1,1,1,21778,12,9,0,0,1,0,0,0,0,0,0,0,1,0
77,2326,869,98055,1,0,1,21784,9,3,0,0,0,0,0,0,1,1,0,0,0,0
78,2613,939,36082,1,1,1,21761,7,8,1,0,0,0,0,0,0,1,0,0,0,0
79,1346,92,16130,1,0,0,21765,7,5,0,0,0,0,0,0,1,1,0,0,0,0
80,4034,363,858,1,1,0,21794,4,5,0,0,0,0,1,0,0,0,0,0,1,0
81,5228,56,780452,0,1,1,21746,3,5,0,0,0,0,0,0,1,0,0,0,1,0
82,1847,2481,97099,1,1,1,21745,12,4,0,0,0,0,0,0,1,1,0,0,0,0
83,1805,82,5412,1,1,1,21758,7,21,1,0,0,0,0,0,0,0,0,0,1,0
84,1085,467,16426,1,1,1,21730,5,7,1,0,0,0,0,0,0,1,0,0,0,0
85,1143,394,21301,1,1,1,21678,4,6,1,0,0,0,0,0,0,0,0,0,1,0
86,6186,14,96353,1,1,0,21670,31,20,0,0,0,0,0,0,1,0,0,0,1,0
87,1767,34,27729,1,0,0,21644,6,4,0,0,0,0,1,0,0,1,0,0,0,0
88,3971,322,9189,1,1,1,21624,14,3,0,0,0,0,1,0,0,0,0,0,0,1
89,1360,26,20046,1,1,0,21601,12,11,0,0,0,1,0,0,0,1,0,0,0,0
90,9152,914,32668,1,1,1,21612,5,7,0,0,0,0,0,1,0,0,0,0,0,1
91,17395,383,276626,1,1,1,21567,3,4,0,0,0,0,0,0,1,0,0,0,1,0
92,2422,31,1588,1,1,1,21554,13,17,0,1,0,0,0,0,0,0,0,0,0,1
93,1729,24,207,1,1,1,21613,8,17,0,1,0,0,0,0,0,0,0,0,1,0
94,3244,114,520,1,0,0,21507,1,9,0,1,0,0,0,0,0,0,0,0,0,1
95,6274,72,58036,1,1,0,21472,5,7,0,0,0,0,0,0,1,0,0,1,0,0
96,658,60,1315,1,1,1,21471,6,17,0,0,0,0,0,0,1,0,0,0,0,1
97,2950,269,20866,1,0,1,21405,12,5,1,0,0,0,0,0,0,1,0,0,0,0
98,2255,83,5342,1,1,1,21421,11,11,0,0,0,0,1,0,0,1,0,0,0,0
99,2721,64,13788,1,0,0,21401,5,3,0,0,0,0,1,0,0,1,0,0,0,0
0,1780,13,7067,1,1,1,21382,11,11,0,1,0,0,0,0,0,0,0,0,0,1
1,3323,133,1112,1,1,0,21348,10,10,0,0,0,0,0,0,1,1,0,0,0,0
2,2824,436,148579,1,1,0,21329,11,6,1,0,0,0,0,0,0,1,0,0,0,0
3,1573,941,100536,1,1,1,21274,34,12,0,0,0,1,0,0,0,1,0,0,0,0
4,4654,543,45174,1,1,0,21250,8,16,0,0,0,1,0,0,0,0,0,0,0,1
5,909,54,41195,1,0,1,21255,7,3,1,0,0,0,0,0,0,1,0,0,0,0
6,2597,59,25535,1,0,0,21279,5,8,1,0,0,0,0,0,0,0,0,0,1,0
7,4255,57,2244201,1,1,1,21208,3,5,0,0,0,0,0,0,1,0,0,0,1,0
8,4109,9,8778,1,0,1,21212,15,17,0,0,0,1,0,0,0,1,0,0,0,0
9,1941,208,6011,1,1,1,21198,22,8,0,0,0,0,0,0,1,0,0,0,0,1
10,1977,153,1942,1,1,0,21189,8,7,1,0,0,0,0,0,0,1,0,0,0,0
11,4592,251,20958,1,1,1,21173,1,4,0,1,0,0,0,0,0,0,0,0,0,1
12,2634,3469,1158426,1,1,1,21188,4,5,0,1,0,0,0,0,0,0,0,0,0,1
13,3697,724,27859,1,1,0,21177,17,6,0,0,1,0,0,0,0,0,0,0,0,1
14,6073,89,1302,1,1,1,21165,6,2,0,1,0,0,0,0,0,0,0,0,0,1
15,3276,395,1511,1,1,1,21144,3,6,1,0,0,0,0,0,0,0,0,1,0,0
16,1259,598,96654,1,0,1,21111,10,8,1,0,0,0,0,0,0,1,0,0,0,0
17,4163,45,553,1,1,1,21117,29,15,0,0,1,0,0,0,0,1,0,0,0,0
18,5737,210,6004,1,1,0,21090,13,10,0,0,1,0,0,0,0,0,0,1,0,0
19,2923,5019,6187,1,1,1,21025,2,12,1,0,0,0,0,0,0,1,0,0,0,0
20,5156,6,1834,1,1,1,21118,14,27,1,0,0,0,0,0,0,0,0,0,0,1
21,720,52,15166,1,1,1,20986,9,8,0,0,0,1,0,0,0,1,0,0,0,0
22,4053,634,11149,1,0,0,20994,12,4,0,0,0,0,0,1,0,0,0,1,0,0
23,6724,149,1173,1,1,1,20908,1,4,0,0,1,0,0,0,0,0,0,1,0,0
24,1173,188,5015,1,1,1,20897,7,12,1,0,0,0,0,0,0,1,0,0,0,0
25,2019,117,4772,1,1,1,20894,25,26,1,0,0,0,0,0,0,1,0,0,0,0
26,873,22,2471,0,0,0,20876,7,9,1,0,0,0,0,0,0,1,0,0,0,0
27,4294,199,1416,1,1,1,20902,9,10,0,0,1,0,0,0,0,1,0,0,0,0
28,4093,185,35047,0,0,1,20872,5,5,0,0,0,0,0,0,1,0,0,0,0,1
29,1823,22,418582,1,1,1,20857,20,5,0,0,1,0,0,0,0,1,0,0,0,0
30,1143,330,120001,1,1,0,20839,8,10,0,0,0,0,1,0,0,0,0,0,1,0
31,5029,203,22184,1,1,1,20838,6,7,1,0,0,0,0,0,0,1,0,0,0,0
32,10352,164,151278,1,1,1,20878,25,11,0,0,0,0,0,0,1,0,0,1,0,0
33,10787,63,13238,1,0,1,20826,3,5,0,1,0,0,0,0,0,0,0,0,1,0
34,1684,23,30885,1,0,1,20823,7,4,0,0,0,0,0,0,1,1,0,0,0,0
35,926,25,6560,1,0,0,20861,12,6,0,0,0,0,0,0,1,1,0,0,0,0
36,2964,46,1074441,1,1,0,20798,21,16,0,0,1,0,0,0,0,0,0,0,1,0
37,4425,7,765,1,1,1,20894,3,18,0,1,0,0,0,0,0,0,0,0,0,1
38,2182,22,1114,1,0,1,20776,7,12,1,0,0,0,0,0,0,0,0,0,0,1
39,1972,276,14862,1,0,0,20771,10,3,1,0,0,0,0,0,0,0,0,0,0,1
40,3343,172,29213,1,1,1,20769,5,15,0,0,0,1,0,0,0,1,0,0,0,0
41,1400,6,2336,1,0,0,20785,3,4,0,1,0,0,0,0,0,1,0,0,0,0
42,8469,1192,2603735,1,0,1,20842,5,6,0,0,0,0,0,0,1,0,0,1,0,0
43,4773,6,381,1,0,0,20776,6,34,1,0,0,0,0,0,0,1,0,0,0,0
44,3599,2505,193437,1,1,1,20732,31,3,0,0,1,0,0,0,0,0,0,1,0,0
45,759,88,27193,1,0,0,20712,4,6,0,0,0,1,0,0,0,1,0,0,0,0
46,3692,113,33823,1,1,0,20684,8,6,1,0,0,0,0,0,0,1,0,0,0,0
47,8887,38,656088,1,1,1,20762,47,17,0,0,0,0,0,0,1,1,0,0,0,0
48,6973,2244,109541,1,1,1,20596,8,5,0,0,1,0,0,0,0,0,0,0,0,1
49,5301,3,11868,1,1,1,20579,9,15,0,0,0,0,1,0,0,0,0,0,0,1
50,5453,238,9340,1,1,1,20563,14,7,0,0,1,0,0,0,0,0,0,1,0,0
51,2138,73,998,1,1,1,20604,5,6,0,0,0,0,1,0,0,1,0,0,0,0
52,1299,226,32566,1,1,1,20578,18,7,0,0,1,0,0,0,0,0,0,0,1,0
53,6848,48,35068,1,0,1,20526,6,10,0,0,0,0,0,0,1,1,0,0,0,0
54,5158,5,39248,1,1,1,20513,8,41,0,0,0,0,0,0,1,0,0,0,0,1
55,4417,0,6042,1,1,0,20530,9,17,0,0,0,0,0,0,1,1,0,0,0,0
56,70061,143,25196,1,1,1,20474,10,26,0,0,0,0,0,0,1,0,0,0,0,1
57,3457,37,1532,1,1,1,20432,23,12,0,0,1,0,0,0,0,1,0,0,0,0
58,7179,68,27558,1,1,1,20425,1,30,0,0,0,0,0,0,1,0,0,0,0,1
59,1188,229,4861,1,1,1,20512,15,11,1,0,0,0,0,0,0,0,0,1,0,0
60,4489,552,15531,1,1,1,20395,6,8,1,0,0,0,0,0,0,1,0,0,0,0
61,2123,471,8393,1,1,1,20387,5,5,1,0,0,0,0,0,0,1,0,0,0,0
62,1258,33,7949,1,0,0,20382,13,12,1,0,0,0,0,0,0,1,0,0,0,0
63,1707,1071,74003,1,1,1,20376,3,4,0,0,0,0,0,0,1,0,0,0,0,1
64,1104,57,10894,1,1,1,20360,11,14,1,0,0,0,0,0,0,0,0,0,0,1
65,2221,294,1636,1,1,1,20349,4,3,1,0,0,0,0,0,0,1,0,0,0,0
66,2898,38,54396,1,0,1,20282,13,6,0,0,0,0,0,0,1,0,0,1,0,0
67,3142,42,78367,1,0,0,20282,6,19,0,0,0,0,0,0,1,0,0,0,1,0
68,1042,38,95954,1,1,0,20337,8,5,0,0,0,0,1,0,0,1,0,0,0,0
69,1719,27,483,1,1,1,20278,7,4,1,0,0,0,0,0,0,1,0,0,0,0
70,952,259,99248,1,1,0,20230,8,6,0,0,0,1,0,0,0,1,0,0,0,0
71,1173,337,554,1,1,1,20215,5,8,1,0,0,0,0,0,0,1,0,0,0,0
72,1572,19,5838,1,1,1,20217,5,29,0,1,0,0,0,0,0,0,0,0,0,1
73,2076,315,32182,1,0,0,20177,7,9,1,0,0,0,0,0,0,1,0,0,0,0
74,2920,49,1237,1,1,1,20156,6,12,0,1,0,0,0,0,0,0,0,0,1,0
75,1828,1,702,1,1,1,20154,16,20,1,0,0,0,0,0,0,1,0,0,0,0
76,675,79,19187,1,1,1,20186,25,13,0,0,1,0,0,0,0,0,0,0,1,0
77,2288,73,5583,1,0,1,20140,12,10,0,0,0,0,0,0,1,1,0,0,0,0
78,1780,393,573869,1,1,1,20119,2,3,0,0,0,0,1,0,0,0,0,1,0,0
79,3522,3,2121,1,1,1,20113,12,10,1,0,0,0,0,0,0,0,0,0,0,1
80,1839,9,628,1,0,0,20222,9,17,1,0,0,0,0,0,0,1,0,0,0,0
81,3429,31,584,1,1,0,20074,9,22,0,1,0,0,0,0,0,0,0,0,1,0
82,2428,114,15219,1,1,1,20055,12,8,1,0,0,0,0,0,0,1,0,0,0,0
83,6300,227,1101331,1,1,1,20055,5,6,0,0,0,0,0,1,0,0,0,1,0,0
84,4132,279,83852,1,1,1,20052,4,6,1,0,0,0,0,0,0,1,0,0,0,0
85,8751,1,5498,1,1,1,20039,7,11,1,0,0,0,0,0,0,0,0,0,1,0
86,1897,19,3147,1,0,1,20068,5,10,0,0,0,1,0,0,0,0,0,1,0,0
87,3345,64,14504,1,1,1,20046,9,12,1,0,0,0,0,0,0,0,0,0,0,1
88,1030,53,19038,1,1,0,20047,6,6,0,0,0,0,0,0,1,1,0,0,0,0
89,6897,1994,99012,1,1,1,19992,21,15,0,0,0,0,0,0,1,0,0,1,0,0
90,3572,4,17115,1,1,0,19982,8,13,0,0,0,0,0,0,1,1,0,0,0,0
91,1689,109,51111,1,0,0,19991,8,16,1,0,0,0,0,0,0,1,0,0,0,0
92,1641,1063,14173,1,1,0,19968,7,6,0,0,1,0,0,0,0,1,0,0,0,0
93,800,20,47392,1,1,1,19968,15,8,0,0,0,1,0,0,0,0,0,0,1,0
94,6891,492,343644,0,1,0,19977,4,8,0,0,0,0,0,1,0,0,0,0,0,1
95,4624,992,44862,1,1,1,19949,11,8,0,0,0,0,0,0,1,0,0,0,0,1
96,7311,572,38660,1,1,1,19929,5,11,0,0,1,0,0,0,0,0,0,1,0,0
97,4457,17,6712,1,1,1,19895,1,12,0,1,0,0,0,0,0,0,0,0,1,0
98,2103,288,7733,1,1,0,19876,5,6,1,0,0,0,0,0,0,1,0,0,0,0
99,1008,631,8943,1,0,0,19856,7,7,0,0,0,1,0,0,0,0,0,0,0,1
0,3379,84,5986,1,1,0,19858,9,39,0,0,0,0,0,0,1,0,0,1,0,0
1,1436,91,12982,1,0,0,19817,10,3,1,0,0,0,0,0,0,1,0,0,0,0
2,1686,8,1949,1,1,1,19817,25,10,0,1,0,0,0,0,0,0,0,0,0,1
3,5264,96,47819,1,1,0,19885,9,11,0,0,0,0,0,0,1,0,0,0,1,0
4,4378,132,197553,1,0,0,19819,22,11,0,0,0,1,0,0,0,1,0,0,0,0
5,2921,59,646,1,1,0,19807,12,3,0,0,0,0,0,0,1,0,0,0,1,0
6,1001,394,82167,1,1,0,19801,9,8,1,0,0,0,0,0,0,1,0,0,0,0
7,2788,2,343,1,1,1,19796,18,10,0,1,0,0,0,0,0,1,0,0,0,0
8,24254,32,46892,0,1,1,19808,5,12,0,0,0,0,0,0,1,0,0,0,0,1
9,2535,344,59788,1,0,0,19846,48,6,0,0,0,0,0,0,1,0,0,0,0,1
10,6232,148,778,1,1,1,19832,5,28,0,1,0,0,0,0,0,0,0,0,0,1
11,2158,564,139130,1,0,0,19777,5,8,0,0,0,0,0,0,1,0,0,0,0,1
12,3856,384,76967,1,1,1,19752,7,7,0,1,0,0,0,0,0,0,0,0,0,1
13,3732,1260,148369,1,1,1,19717,4,5,0,0,0,0,0,0,1,0,0,1,0,0
14,5296,37,6952,1,1,1,19704,1,3,0,1,0,0,0,0,0,0,0,0,1,0
15,3308,34,15977,1,1,0,19690,6,26,0,0,0,1,0,0,0,1,0,0,0,0
16,1815,34,3822,1,0,1,19714,12,7,0,0,0,0,0,0,1,1,0,0,0,0
17,1219,96,1748,1,1,1,19684,9,6,0,0,0,0,1,0,0,1,0,0,0,0
18,7331,0,151080,1,1,1,19683,3,22,0,1,0,0,0,0,0,0,0,0,0,1
19,9316,30,204760,1,1,1,19679,7,4,0,0,0,1,0,0,0,1,0,0,0,0
20,3005,2,970,1,0,1,19638,4,9,0,0,0,0,0,1,0,0,0,1,0,0
21,2217,288,67978,1,1,1,19628,5,4,1,0,0,0,0,0,0,0,0,0,1,0
22,1932,254,5162,1,1,1,19626,2,12,1,0,0,0,0,0,0,1,0,0,0,0
23,3498,122,50672,1,1,1,19656,29,10,0,0,0,0,0,0,1,0,0,0,0,1
24,3650,0,1300193,0,0,1,19592,8,2,0,0,0,0,0,0,1,0,0,0,1,0
25,485,15,3264,1,1,1,19585,5,26,0,0,0,0,0,0,1,0,0,1,0,0
26,863,81,24531,1,0,0,19626,12,4,0,0,0,0,1,0,0,1,0,0,0,0
27,3821,197,116285,1,1,0,19575,17,18,1,0,0,0,0,0,0,0,0,1,0,0
28,2172,148,9403,1,1,1,19664,7,8,0,0,1,0,0,0,0,1,0,0,0,0
29,1008,647,12641,1,1,1,19598,7,5,0,0,0,0,1,0,0,1,0,0,0,0
30,4652,308,31172,1,1,1,19541,5,12,1,0,0,0,0,0,0,0,0,0,1,0
31,2186,23,784498,1,1,1,19514,23,15,1,0,0,0,0,0,0,0,0,0,0,1
32,2047,1,695,1,0,1,19497,9,9,1,0,0,0,0,0,0,1,0,0,0,0
33,5217,11,55452,1,1,0,19530,18,11,0,0,0,0,0,0,1,1,0,0,0,0
34,3408,101,24058,1,1,0,19479,10,10,1,0,0,0,0,0,0,0,0,0,0,1
35,3136,181,16831,1,0,0,19530,3,5,0,0,0,0,0,0,1,0,0,0,1,0
36,5713,63,163615,1,0,0,19470,5,10,0,0,0,0,0,1,0,0,0,1,0,0
37,2571,293,510,1,1,0,19464,19,5,0,1,0,0,0,0,0,0,0,0,0,1
38,935,347,28051,1,1,1,19439,5,7,0,0,0,0,0,0,1,1,0,0,0,0
39,1742,577,142434,1,0,1,19442,11,9,0,0,1,0,0,0,0,0,0,1,0,0
40,4294,554,33644,1,1,1,19430,5,6,0,0,1,0,0,0,0,0,0,0,1,0
41,659,220,7811,1,1,1,19407,7,6,0,0,0,1,0,0,0,1,0,0,0,0
42,2145,15,53731,0,0,0,19601,4,12,0,0,1,0,0,0,0,0,0,0,0,1
43,2990,112,5466,1,1,1,19409,10,6,0,0,1,0,0,0,0,0,0,0,1,0
44,710,147,9671,1,1,0,19402,9,9,0,0,0,0,0,0,1,0,0,1,0,0
45,5667,632,177895,1,1,0,19373,6,9,0,0,0,0,0,1,0,0,0,1,0,0
46,2303,1078,60794,1,1,1,19372,7,7,0,0,0,0,0,1,0,0,0,0,0,1
47,1666,432,1192,1,1,1,19431,4,5,0,0,0,0,1,0,0,1,0,0,0,0
48,3072,2281,2572854,1,1,1,19335,10,6,0,0,0,0,0,0,1,0,0,0,0,1
49,3623,21,14826,1,0,0,19324,16,25,0,0,0,0,0,0,1,1,0,0,0,0
50,2359,102,1799,1,0,0,19313,4,14,0,1,0,0,0,0,0,0,0,0,1,0
51,2621,659,37337,1,1,0,19299,3,9,1,0,0,0,0,0,0,0,0,1,0,0
52,3149,110,265793,0,0,0,19274,12,16,0,0,0,0,0,0,1,0,0,1,0,0
53,2582,2322,129745,1,1,1,19251,4,7,0,0,0,0,1,0,0,0,0,1,0,0
54,9866,28,314196,1,0,0,19211,13,13,0,0,0,0,0,0,1,0,0,0,0,1
55,1172,131,3748,1,0,0,19221,11,9,0,0,0,1,0,0,0,0,0,0,1,0
56,5943,325,284464,0,0,0,19201,5,4,0,0,0,0,0,0,1,0,0,0,1,0
57,1806,61,927,1,1,0,19234,9,11,0,0,0,0,1,0,0,0,0,1,0,0
58,6913,543,7414,1,1,1,19195,13,8,0,0,0,0,0,1,0,0,0,1,0,0
59,3378,504,1060812,1,1,1,19184,4,5,0,0,0,0,0,0,1,0,0,0,0,1
60,1158,198,2515,1,1,1,19188,5,9,1,0,0,0,0,0,0,0,0,0,0,1
61,1973,463,46186,1,1,1,19165,7,6,0,0,0,0,0,0,1,0,0,1,0,0
62,1489,402,16435,1,1,0,19143,7,9,0,0,0,1,0,0,0,0,0,1,0,0
63,3291,788,195472,1,1,1,19139,5,22,0,0,0,0,0,0,1,1,0,0,0,0
64,1378,14,1785,1,0,0,19185,8,32,0,0,1,0,0,0,0,1,0,0,0,0
65,4672,322,20428,1,0,1,19113,48,8,0,0,0,0,0,1,0,0,0,1,0,0
66,2732,351,3496,1,1,1,19116,14,7,0,0,0,0,0,0,1,0,0,0,1,0
67,1947,49,1807,1,1,1,19136,9,21,1,0,0,0,0,0,0,1,0,0,0,0
68,10811,911,449253,0,0,0,19043,2,5,0,0,0,0,0,1,0,0,0,1,0,0
69,2060,95,683,1,1,1,19056,14,7,0,1,0,0,0,0,0,0,0,0,0,1
70,2451,19,6718,1,1,1,19005,8,6,0,0,1,0,0,0,0,1,0,0,0,0
71,1554,470,73550,1,1,1,18995,5,10,0,0,0,0,0,0,1,0,0,0,1,0
72,4297,169,354,1,1,1,19003,5,12,1,0,0,0,0,0,0,0,0,0,1,0
73,2008,659,197871,1,1,1,18977,7,9,0,0,0,1,0,0,0,0,0,1,0,0
74,6628,144,5687,1,1,0,18977,7,3,0,0,0,0,0,0,1,0,0,0,1,0
75,7449,29,140921,0,0,0,18969,3,7,0,0,0,0,0,1,0,1,0,0,0,0
76,2300,534,25487,1,1,0,18943,8,7,0,0,0,0,0,0,1,0,0,0,1,0
77,4481,10,700453,1,1,1,18932,1,32,0,0,0,0,0,0,1,0,0,0,0,1
78,4053,763,185267,1,0,1,18957,4,8,0,0,0,0,0,0,1,0,0,0,1,0
79,1667,433,3561,1,1,0,18935,6,7,1,0,0,0,0,0,0,1,0,0,0,0
80,2172,18,39127,1,0,0,18904,10,6,1,0,0,0,0,0,0,1,0,0,0,0
81,2073,31,2757,1,1,1,18939,11,11,1,0,0,0,0,0,0,0,0,0,0,1
82,678,48,49147,1,0,0,18897,7,9,1,0,0,0,0,0,0,0,0,0,0,1
83,5191,1,6867,1,0,0,18880,14,15,0,0,0,0,0,0,1,0,0,0,1,0
84,2208,21,47218,1,1,1,18905,11,7,0,0,0,0,0,0,1,1,0,0,0,0
85,4314,77,33969,1,1,1,18847,1,9,0,0,0,0,0,0,1,0,0,0,0,1
86,3127,71,20474,1,1,1,18846,21,20,0,0,1,0,0,0,0,0,0,1,0,0
87,2119,596,13649,1,1,1,18831,1,14,0,0,0,0,0,0,1,0,0,0,1,0
88,5649,16,899,1,1,1,18816,11,21,0,1,0,0,0,0,0,0,0,0,0,1
89,2293,851,96495,1,1,1,18814,5,3,0,0,0,0,0,0,1,0,0,0,1,0
90,1843,10,265,1,1,1,18830,8,7,0,0,0,0,0,0,1,1,0,0,0,0
91,5172,111,12206,1,1,0,18807,7,10,1,0,0,0,0,0,0,1,0,0,0,0
92,5086,0,1232,1,1,1,18835,14,19,0,1,0,0,0,0,0,1,0,0,0,0
93,2005,191,19678,1,1,1,18803,7,10,0,0,0,1,0,0,0,1,0,0,0,0
94,5194,11,44918,1,1,1,18885,1,19,0,0,0,0,0,0,1,1,0,0,0,0
95,1655,10015,1790,1,1,0,18817,8,15,0,0,0,1,0,0,0,1,0,0,0,0
96,832,8,7051,1,0,0,18765,7,8,1,0,0,0,0,0,0,1,0,0,0,0
97,876,166,5519,1,1,1,18758,6,9,0,0,0,0,0,0,1,1,0,0,0,0
98,571,123,121623,1,1,0,18754,16,5,0,0,0,0,0,0,1,1,0,0,0,0
99,1483,125,9628,1,1,0,18755,8,3,1,0,0,0,0,0,0,0,0,0,1,0
0,4227,45,1156034,1,1,1,18751,1,13,0,0,0,0,0,0,1,1,0,0,0,0
1,3427,2510,858785,1,1,1,18753,8,5,0,0,0,0,0,1,0,0,0,1,0,0
2,2840,168,58705,1,1,1,18752,1,5,0,0,0,0,0,1,0,0,0,1,0,0
3,3328,280,322,1,1,0,18737,10,9,0,0,0,0,0,0,1,1,0,0,0,0
4,2235,2,8299,1,1,1,18707,1,6,1,0,0,0,0,0,0,0,0,0,0,1
5,4117,25,10078,1,1,1,18712,9,19,0,0,1,0,0,0,0,0,0,0,0,1
6,481,14,12243,1,1,1,18771,11,5,0,0,0,1,0,0,0,1,0,0,0,0
7,1914,62,1224,1,0,0,18649,5,13,0,1,0,0,0,0,0,1,0,0,0,0
8,682,19,2359,1,1,0,18636,4,8,0,0,0,1,0,0,0,1,0,0,0,0
9,1509,2154,250100,1,1,0,18637,18,8,0,0,0,1,0,0,0,0,0,1,0,0
10,852,3,37784,1,1,1,18626,13,9,0,1,0,0,0,0,0,0,0,0,0,1
11,2378,500,102513,1,1,0,18613,14,17,0,0,1,0,0,0,0,0,0,1,0,0
12,3130,140,6398,1,1,1,18611,9,8,0,0,0,0,0,0,1,1,0,0,0,0
13,761,0,806,1,0,1,18580,6,5,1,0,0,0,0,0,0,1,0,0,0,0
14,4624,187,65467,1,0,1,18594,4,10,0,0,1,0,0,0,0,0,0,0,0,1
15,1885,118,30187,1,1,1,18574,9,5,0,0,0,0,1,0,0,1,0,0,0,0
16,1741,205,2170,1,0,0,18592,9,14,0,0,0,0,0,0,1,0,0,0,0,1
17,3578,262,1659,1,1,1,18559,19,7,0,0,0,0,0,0,1,1,0,0,0,0
18,877,193,1573,1,1,1,18556,8,7,0,0,1,0,0,0,0,0,0,1,0,0
19,7293,10,253733,1,1,1,18555,1,4,0,0,1,0,0,0,0,1,0,0,0,0
20,991,0,31080,1,1,1,18694,16,20,0,0,0,0,0,0,1,0,0,0,1,0
21,8109,1752,258681,1,1,1,18548,4,7,0,0,0,0,0,0,1,0,0,1,0,0
22,4773,0,4084,1,1,1,18529,1,10,0,1,0,0,0,0,0,0,0,0,0,1
23,970,800,645138,1,1,0,18528,8,4,0,0,0,1,0,0,0,0,0,0,1,0
24,1591,2,1165,1,1,1,18518,10,11,0,1,0,0,0,0,0,0,0,0,0,1
25,1870,87,2869,1,1,1,18515,9,7,0,0,0,0,0,0,1,1,0,0,0,0
26,3317,51,23807,0,1,1,18484,10,9,0,0,0,0,0,0,1,0,0,0,0,1
27,3155,87,10452,1,1,1,18471,9,15,0,0,0,0,0,0,1,0,0,1,0,0
28,503,80,1393,1,1,0,18491,6,3,0,0,0,1,0,0,0,1,0,0,0,0
29,4374,332,166663,1,0,0,18436,25,8,0,0,0,0,0,0,1,0,0,0,0,1
30,2101,184,102397,1,0,0,18456,5,7,0,0,0,0,0,0,1,0,0,0,1,0
31,1946,13,28525,1,1,1,18445,5,5,0,0,0,0,0,0,1,0,0,0,0,1
32,3325,105,10445,1,0,0,18449,3,16,1,0,0,0,0,0,0,0,0,1,0,0
33,8666,169,41308,1,1,1,18476,12,8,0,0,1,0,0,0,0,0,0,0,0,1
34,1565,156,6618,1,0,0,18426,13,3,0,0,0,0,1,0,0,1,0,0,0,0
35,9348,132,22587,1,0,0,18370,10,22,1,0,0,0,0,0,0,1,0,0,0,0
36,1761,7,92,1,0,1,18407,4,13,0,1,0,0,0,0,0,0,0,0,1,0
37,1112,281,32437,1,1,1,18488,9,8,0,0,1,0,0,0,0,1,0,0,0,0
38,1534,63,4544,1,1,1,18369,5,7,0,0,0,0,0,0,1,1,0,0,0,0
39,1315,31,5686,1,0,0,18371,7,14,1,0,0,0,0,0,0,1,0,0,0,0
40,4542,2905,245490,1,1,1,18299,11,6,0,0,0,0,0,0,1,0,0,1,0,0
41,4039,200,4843,1,0,0,18293,9,7,0,0,0,0,0,0,1,0,0,1,0,0
42,9251,34,6177,1,1,1,18282,7,9,0,0,0,0,0,0,1,0,0,0,0,1
43,1415,48,38719,0,0,1,18263,9,8,0,0,0,0,0,0,1,0,0,0,0,1
44,2187,5,11140,1,0,1,18264,14,2,1,0,0,0,0,0,0,1,0,0,0,0
45,2095,79,14022,1,0,0,18300,4,8,0,0,0,0,1,0,0,0,0,1,0,0
46,1374,372,8411,1,1,1,18322,8,8,0,0,0,1,0,0,0,1,0,0,0,0
47,1015,25,22886,1,1,0,18248,6,17,0,0,0,1,0,0,0,1,0,0,0,0
48,4546,211,241934,1,0,1,18251,17,3,0,0,0,0,0,0,1,0,0,0,1,0
49,3901,196,16896,1,0,0,18246,12,9,0,0,0,0,0,1,0,0,0,1,0,0
50,2787,321,48191,1,1,1,18226,6,12,0,0,0,0,0,0,1,1,0,0,0,0
51,6681,22,6989,1,1,0,18233,10,7,0,0,0,0,0,1,0,0,0,1,0,0
52,1296,141,21267,1,1,0,18228,7,11,0,0,0,0,0,0,1,0,0,1,0,0
53,1070,183,45580,1,1,1,18238,8,6,0,0,0,1,0,0,0,1,0,0,0,0
54,7771,24,54937,1,0,1,18189,7,11,0,0,0,0,0,0,1,1,0,0,0,0
55,4195,162,20856,1,0,1,18157,6,12,0,0,0,1,0,0,0,1,0,0,0,0
56,5788,234,228043,1,0,1,18153,22,10,1,0,0,0,0,0,0,0,0,1,0,0
57,1600,57,153174,1,1,1,18146,9,15,0,0,0,0,0,0,1,0,0,0,0,1
58,2922,580,2138,1,1,1,18103,9,12,0,0,0,0,0,0,1,0,0,0,0,1
59,1363,108,618200,1,1,0,18091,6,6,0,0,0,0,1,0,0,0,0,0,1,0
60,1387,313,108791,1,0,0,18075,14,4,0,0,0,0,1,0,0,0,0,1,0,0
61,3179,143,767,1,1,0,18027,19,7,0,0,0,0,0,0,1,1,0,0,0,0
62,2560,70,9486,1,1,0,18024,10,7,0,0,0,0,1,0,0,1,0,0,0,0
63,2732,761,45739,1,0,1,18021,28,5,1,0,0,0,0,0,0,1,0,0,0,0
64,2171,362,2336,1,0,0,17993,13,3,0,0,0,0,1,0,0,1,0,0,0,0
65,1731,2,1078,1,1,1,17988,3,29,0,1,0,0,0,0,0,0,0,0,0,1
66,2441,49,16190,1,0,0,17991,7,7,0,0,0,0,0,0,1,1,0,0,0,0
67,2802,164,16276,1,1,1,17986,5,11,0,0,0,0,0,0,1,0,0,1,0,0
68,2626,315,5409,1,1,1,17984,4,4,1,0,0,0,0,0,0,0,0,0,1,0
69,3456,69,7710,1,1,0,17977,9,6,0,0,0,0,1,0,0,1,0,0,0,0
70,1747,266,60679,1,0,1,17957,13,3,1,0,0,0,0,0,0,1,0,0,0,0
71,2172,994,5841,1,1,1,18013,3,6,1,0,0,0,0,0,0,1,0,0,0,0
72,1276,116,19433,1,0,0,17940,12,14,0,0,0,1,0,0,0,1,0,0,0,0
73,5725,107,5373,1,1,1,17951,20,22,0,0,0,0,0,0,1,1,0,0,0,0
74,2165,37,370458,1,1,1,17907,7,4,0,0,0,0,0,0,1,0,0,1,0,0
75,533,232,3681,1,0,0,17982,5,3,0,0,0,0,0,0,1,1,0,0,0,0
76,445,1,2242,1,0,0,17960,5,17,0,1,0,0,0,0,0,0,0,0,0,1
77,5253,6,236697,0,0,0,17886,19,6,0,1,0,0,0,0,0,0,0,0,0,1
78,1189,92,1044,1,1,1,17885,10,15,0,1,0,0,0,0,0,0,0,0,0,1
79,4530,20,310,1,1,1,17801,6,23,0,1,0,0,0,0,0,0,0,0,0,1
80,2592,42,10896,1,1,1,17813,22,26,0,1,0,0,0,0,0,0,0,0,0,1
81,3179,99,744224,1,0,0,17792,4,18,0,0,0,0,0,0,1,0,0,0,1,0
82,2413,644,67757,1,1,0,17757,15,13,0,0,0,1,0,0,0,1,0,0,0,0
83,2432,48,37758,0,1,0,17944,2,6,0,0,0,0,0,0,1,0,0,0,0,1
84,1494,41,2627,1,1,1,17791,21,8,0,0,0,0,1,0,0,1,0,0,0,0
85,2212,84,1266,1,1,1,17759,7,11,0,0,1,0,0,0,0,1,0,0,0,0
86,1358,562,8066,1,1,1,17751,5,11,1,0,0,0,0,0,0,1,0,0,0,0
87,2208,195,65788,1,1,1,17720,17,10,0,0,0,1,0,0,0,1,0,0,0,0
88,836,5,997,1,0,0,17717,16,5,1,0,0,0,0,0,0,1,0,0,0,0
89,1562,48,10687,1,1,1,17705,13,33,1,0,0,0,0,0,0,1,0,0,0,0
90,4527,378,19083,1,1,0,17703,5,4,0,0,0,0,0,0,1,1,0,0,0,0
91,3931,10,189432,1,1,0,17688,30,7,0,0,0,0,0,0,1,0,0,0,0,1
92,5334,410,8375,1,1,1,17696,4,28,0,0,1,0,0,0,0,0,0,0,1,0
93,1840,311,592540,1,1,1,17688,5,9,0,0,0,1,0,0,0,1,0,0,0,0
94,2308,27,9015,1,1,1,17691,5,19,0,0,0,0,1,0,0,1,0,0,0,0
95,1269,224,3918,1,0,0,17768,7,4,1,0,0,0,0,0,0,1,0,0,0,0
96,1642,1118,51682,1,0,0,17649,12,3,0,0,1,0,0,0,0,0,0,1,0,0
97,3618,344,37406,1,0,0,17642,8,7,0,0,1,0,0,0,0,0,0,1,0,0
98,3828,393,33236,1,0,0,17599,8,3,0,0,0,0,0,0,1,1,0,0,0,0
99,1569,1237,36685,1,0,0,17611,10,8,0,0,0,0,0,0,1,0,0,0,0,1
